"x","y","exprs"
0,0,-0.432599354215746
1,0,-0.432474459072451
2,0,-0.432599351473525
3,0,-0.432582184126974
4,0,-0.432599354128691
5,0,-0.432599354215746
6,0,-0.432599195341054
7,0,-0.432598545304137
8,0,-0.43258702649706
9,0,-0.432597426869823
10,0,-0.432517517293811
11,0,-0.432394775491828
12,0,-0.432245397165274
13,0,-0.432172885125211
14,0,-0.430076183375777
15,0,-0.430189210356645
16,0,-0.432127490183193
17,0,-0.430967397290316
18,0,-0.423260637004321
19,0,-0.388245480804864
20,0,-0.4084571645026
21,0,-0.43219049301081
22,0,-0.429679331194194
23,0,-0.43151805738365
24,0,-0.432403347977158
25,0,-0.432462157427539
26,0,-0.431260851145336
27,0,-0.423580482376134
28,0,-0.419528188331235
29,0,-0.430918732195918
30,0,-0.430944002385392
31,0,-0.422163373739049
32,0,-0.428064064262135
33,0,-0.293031456574248
34,0,-0.155554782999049
35,0,-0.241184719488186
36,0,-0.262480515439217
37,0,-0.0327185450579392
38,0,-0.411635299735256
39,0,-0.409669713841485
40,0,-0.415881090452617
41,0,-0.430219508316893
42,0,-0.432596797769472
43,0,-0.432599354041636
44,0,-0.432571297553449
45,0,-0.432599339111767
46,0,-0.432598545304114
47,0,-0.432596559501024
48,0,-0.43257406845912
49,0,-0.432598815913462
50,0,-0.432599353824
51,0,-0.432599348034867
52,0,-0.432599354041636
53,0,-0.432599351604107
54,0,-0.429133979922685
55,0,-0.430690689619556
56,0,-0.432599354041636
57,0,-0.432599348644249
58,0,-0.432599354172218
59,0,-0.432599351908798
60,0,-0.432599354172218
61,0,-0.432599353736945
62,0,-0.432599347381957
63,0,-0.432599353780472
64,0,-0.432599334062599
65,0,-0.432599352953453
66,0,-0.432599351604107
67,0,-0.432599354215746
68,0,-0.432599354215746
69,0,-0.432599354215746
70,0,-0.432599354215746
71,0,-0.432599354215746
0,1,-0.43254467019862
1,1,-0.432461122219895
2,1,-0.431988038656169
3,1,-0.431976461717148
4,1,-0.432475307944243
5,1,-0.422793608894148
6,1,-0.38243803958995
7,1,-0.408109551833188
8,1,-0.253928816165805
9,1,-0.383054310295407
10,1,-0.40410864199341
11,1,-0.427146662007024
12,1,-0.428893781451445
13,1,-0.431313669810486
14,1,-0.418568879681875
15,1,-0.430133975558551
16,1,-0.428223247386982
17,1,-0.415347535078143
18,1,-0.427265257170483
19,1,-0.324436144877586
20,1,-0.398785242531838
21,1,-0.431236489872839
22,1,-0.430489276099676
23,1,-0.428964579213921
24,1,-0.422348069536502
25,1,-0.428752956572035
26,1,-0.42861236428649
27,1,-0.369850602826142
28,1,-0.432577256443116
29,1,-0.431012092012256
30,1,-0.431086171144802
31,1,-0.153843864562272
32,1,-0.427238641970391
33,1,-0.41629991914562
34,1,-0.403411266992062
35,1,-0.420514842041163
36,1,-0.403258352100154
37,1,-0.393592491584809
38,1,-0.397291853690807
39,1,-0.328920116660054
40,1,-0.357099294612559
41,1,-0.4296045857365
42,1,-0.386803273115294
43,1,-0.432573106461981
44,1,-0.432596046792755
45,1,-0.432594858410039
46,1,-0.432207493567769
47,1,-0.431477291735188
48,1,-0.429351725589589
49,1,-0.43259873547497
50,1,-0.432597171756207
51,1,-0.432598978357386
52,1,-0.432597003871364
53,1,-0.431728134042302
54,1,-0.431660239237159
55,1,-0.432598233909739
56,1,-0.432598400140541
57,1,-0.432575786655979
58,1,-0.432598483277714
59,1,-0.432597027898423
60,1,-0.432597440406804
61,1,-0.432596309523653
62,1,-0.432588873186699
63,1,-0.43259604931732
64,1,-0.432598656516424
65,1,-0.432599159953341
66,1,-0.432599042995449
67,1,-0.432599178670089
68,1,-0.43259931556349
69,1,-0.432599292842232
70,1,-0.432598998336423
71,1,-0.432599295453871
0,2,-0.429123768536449
1,2,-0.405355004368944
2,2,-0.194294348181664
3,2,-0.327345397982878
4,2,-0.33709933092166
5,2,-0.218257023056833
6,2,-0.391728561093187
7,2,0.0619860644990513
8,2,0.197170395677371
9,2,-0.398511398183133
10,2,-0.392971553532833
11,2,-0.338468370147918
12,2,-0.392413939583989
13,2,-0.431455296629091
14,2,-0.419794763381248
15,2,-0.428789774028047
16,2,-0.382035714768859
17,2,-0.0829637681336153
18,2,-0.247623412165403
19,2,-0.0822235890499915
20,2,-0.08070094678347
21,2,0.136602461535196
22,2,-0.385469194468854
23,2,-0.384623251393709
24,2,-0.379148411380306
25,2,-0.392547515560613
26,2,-0.399844448858428
27,2,-0.424794907798132
28,2,-0.430970330181949
29,2,-0.426285338639787
30,2,-0.41927555463911
31,2,-0.376293879131276
32,2,-0.409007621168061
33,2,-0.419714848786663
34,2,-0.281816957381249
35,2,-0.112605579220379
36,2,0.057517783228502
37,2,-0.0957556405204086
38,2,2.62243758656166
39,2,-0.33000167518003
40,2,-0.0323239207517168
41,2,0.0315216759092647
42,2,-0.428950816940703
43,2,-0.430863862295427
44,2,-0.432596590144218
45,2,-0.432524456939465
46,2,-0.432567898461796
47,2,-0.432417729967572
48,2,-0.431887798625271
49,2,-0.432533934359206
50,2,-0.432564102880248
51,2,-0.432344469233342
52,2,-0.432545826240191
53,2,-0.428913828191084
54,2,-0.432587555440753
55,2,-0.432540926109501
56,2,-0.432577313550809
57,2,-0.432537412061452
58,2,-0.432563259103256
59,2,-0.432592280113078
60,2,-0.432598792756926
61,2,-0.432590540848791
62,2,-0.432588831052236
63,2,-0.432529895634392
64,2,-0.432599199867888
65,2,-0.432598710969097
66,2,-0.432598743440474
67,2,-0.432598319397383
68,2,-0.432599298370201
69,2,-0.432598925776394
70,2,-0.432597338378768
71,2,-0.432599327794666
0,3,-0.42884354210172
1,3,-0.432029049773896
2,3,-0.401661102709549
3,3,-0.424099144123158
4,3,-0.392958077307347
5,3,-0.245770489471549
6,3,-0.428311293486382
7,3,2.35557138451842
8,3,0.540020677435735
9,3,-0.421200997554763
10,3,-0.421615469270136
11,3,-0.412839645039239
12,3,-0.431132034823571
13,3,-0.317881381227855
14,3,-0.429936763502475
15,3,-0.425620119717015
16,3,0.608628816911702
17,3,-0.140349193659236
18,3,-0.32728659672877
19,3,-0.354558258536999
20,3,-0.421644661759527
21,3,-0.263967897182753
22,3,-0.423555885050336
23,3,-0.319848706945694
24,3,1.97779176200055
25,3,0.0562252758530286
26,3,-0.380053688982608
27,3,-0.417087179350017
28,3,-0.39995552403527
29,3,-0.414551469216684
30,3,-0.424170997775279
31,3,-0.316167470362785
32,3,-0.319492796350586
33,3,0.208776250728288
34,3,0.152178403918313
35,3,0.546492010870115
36,3,-0.21082676774734
37,3,0.172851542601542
38,3,-0.379243104233457
39,3,-0.176295592118243
40,3,-0.212888256299951
41,3,-0.202069682864599
42,3,-0.0882351041953945
43,3,-0.43172242686112
44,3,-0.432539359865105
45,3,-0.432560665833283
46,3,-0.432333669802212
47,3,-0.431899231999016
48,3,-0.431723426707631
49,3,-0.432579025915372
50,3,-0.432564742688261
51,3,-0.431068474142973
52,3,-0.428919348181722
53,3,-0.43256661188163
54,3,-0.432588618508571
55,3,-0.432535993898833
56,3,-0.432592611094806
57,3,-0.432582217947119
58,3,-0.432355993652273
59,3,-0.432597435444674
60,3,-0.4325870240157
61,3,-0.432594130938037
62,3,-0.432581824895251
63,3,-0.431886356791
64,3,-0.432597041391901
65,3,-0.432483817619838
66,3,-0.432599002602102
67,3,-0.432599058969974
68,3,-0.432599174796154
69,3,-0.432599235255595
70,3,-0.432598714930077
71,3,-0.432599312255414
0,4,-0.429525011075581
1,4,-0.431683642236679
2,4,-0.42696734968338
3,4,-0.428169510956588
4,4,-0.429773535435432
5,4,-0.183638633645597
6,4,-0.342760631063742
7,4,0.933902972506647
8,4,0.0402510352134241
9,4,-0.422933307309965
10,4,-0.325540940903225
11,4,-0.415737419757858
12,4,-0.424603416004093
13,4,-0.427363371934802
14,4,-0.428415850690464
15,4,-0.409237951504192
16,4,-0.392186124012897
17,4,-0.203018892874771
18,4,-0.398678368625022
19,4,-0.274585729685787
20,4,-0.397525381489966
21,4,-0.0775618006225034
22,4,0.527561817400088
23,4,4.67395310995903
24,4,1.33682360530009
25,4,-0.319004490449425
26,4,-0.218571107564012
27,4,-0.412891456548426
28,4,-0.419186718669113
29,4,-0.429482450802444
30,4,-0.43108618978169
31,4,-0.428114485228013
32,4,-0.392587614347507
33,4,-0.302098439716484
34,4,-0.293440808765808
35,4,0.806677366840623
36,4,0.763531957461856
37,4,-0.0917284905119614
38,4,-0.259831290115146
39,4,1.24318786070467
40,4,1.49332406667186
41,4,-0.0910940111657455
42,4,-0.35703299601399
43,4,-0.41887988170776
44,4,-0.215820466817172
45,4,-0.432081879589261
46,4,-0.432429830171331
47,4,-0.432045733863512
48,4,-0.43254278028569
49,4,-0.432204342012822
50,4,-0.430630525677197
51,4,-0.431785053260892
52,4,-0.43255534004874
53,4,-0.432054239984931
54,4,-0.432589327568326
55,4,-0.43242472694055
56,4,-0.432537768116222
57,4,-0.432598382555515
58,4,-0.432188815906095
59,4,-0.432597981494836
60,4,-0.432496069904563
61,4,-0.43259588360885
62,4,-0.432435051489
63,4,-0.432586189988658
64,4,-0.432551452058323
65,4,-0.432552965721257
66,4,-0.432543621277389
67,4,-0.432567334043996
68,4,-0.432599198126796
69,4,-0.432599046129419
70,4,-0.432599035378166
71,4,-0.432599338371803
0,5,-0.426434085145763
1,5,-0.431804186022778
2,5,-0.402586098115369
3,5,-0.37914115056585
4,5,-0.432008997388362
5,5,-0.352813426977624
6,5,-0.135056231018993
7,5,-0.29503691956218
8,5,-0.345578283781888
9,5,-0.423544256135913
10,5,-0.425277721494649
11,5,-0.42693709831495
12,5,-0.429048305711025
13,5,-0.424982612942401
14,5,-0.415295654343687
15,5,-0.408403930151012
16,5,-0.406696678713254
17,5,-0.423508943527209
18,5,-0.338694605212972
19,5,0.11412081972489
20,5,0.917029830686937
21,5,0.756072436118111
22,5,1.07563530419783
23,5,1.19075692878734
24,5,1.24140910479479
25,5,0.321570410541197
26,5,-0.153264571160592
27,5,-0.202855132049092
28,5,-0.397242914895842
29,5,-0.427586533013215
30,5,-0.408841762548865
31,5,-0.431705976702712
32,5,-0.38139653023275
33,5,0.644652400446188
34,5,-0.0931074046082949
35,5,1.73114244585624
36,5,1.08682739125194
37,5,-0.108416586835542
38,5,-0.117531925214108
39,5,-0.202409920950264
40,5,2.0748907580103
41,5,5.00735059115929
42,5,-0.389718189100854
43,5,-0.414912090324027
44,5,-0.132330025618162
45,5,-0.418171205644751
46,5,-0.423729708625732
47,5,-0.431729734799883
48,5,-0.43016205722271
49,5,-0.432116753677277
50,5,-0.432486045479017
51,5,-0.432360187076289
52,5,-0.432522776437038
53,5,-0.432592770970683
54,5,-0.43219393732581
55,5,-0.43232797307709
56,5,-0.432178699151518
57,5,-0.43250682080398
58,5,-0.432596788149969
59,5,-0.432580306010021
60,5,-0.432595790895678
61,5,-0.43259695290087
62,5,-0.43166664342295
63,5,-0.431234394870571
64,5,-0.43259829093051
65,5,-0.432599203088911
66,5,-0.432598564369098
67,5,-0.432455165069063
68,5,-0.432488363526232
69,5,-0.432586868448872
70,5,-0.432599120952868
71,5,-0.432599346293774
0,6,-0.423345993431801
1,6,-0.431254953636155
2,6,-0.425444368994349
3,6,-0.431069583832491
4,6,-0.432184717108298
5,6,-0.430839269513368
6,6,-0.428707998279989
7,6,-0.429461379839124
8,6,-0.426527501140298
9,6,-0.427815551013246
10,6,-0.406652024919315
11,6,-0.407764078258503
12,6,-0.408322552679518
13,6,-0.413467756280416
14,6,-0.372730908602159
15,6,-0.423657702386942
16,6,-0.393800132616318
17,6,-0.347156583674358
18,6,1.82985161975166
19,6,1.40636297413696
20,6,0.559846962240145
21,6,0.756118382578597
22,6,3.13610195299891
23,6,0.799752004166594
24,6,2.6235750517322
25,6,2.25712894955581
26,6,0.493952662385802
27,6,-0.139806615112134
28,6,-0.366160693265478
29,6,-0.429347702235213
30,6,-0.431108955710523
31,6,-0.429973597058695
32,6,-0.429243518325172
33,6,0.495055501891005
34,6,2.00345693985193
35,6,1.02001793963339
36,6,0.601112484860031
37,6,0.743179973893588
38,6,0.241061942745836
39,6,2.48743034573889
40,6,0.761831588890845
41,6,1.12985622270395
42,6,-0.0856178150058438
43,6,-0.413495838952777
44,6,-0.421994089111692
45,6,-0.418326691105883
46,6,-0.428854355832392
47,6,-0.431966738536589
48,6,-0.432074619816463
49,6,-0.432264934599671
50,6,-0.43255445021973
51,6,-0.432409023897318
52,6,-0.432301359429758
53,6,-0.432481619098763
54,6,-0.432538169045662
55,6,-0.432535123657232
56,6,-0.432590689886204
57,6,-0.432030868393933
58,6,-0.432449097925934
59,6,-0.432590138308097
60,6,-0.432503929546435
61,6,-0.432566906823409
62,6,-0.432524230772439
63,6,-0.43231744268831
64,6,-0.432591571096771
65,6,-0.432196278275613
66,6,-0.432479965713403
67,6,-0.432599013005128
68,6,-0.432599291623467
69,6,-0.432599349558323
70,6,-0.432599348296031
71,6,-0.432599343899772
0,7,-0.427633946005716
1,7,-0.432460750058686
2,7,-0.407205306076523
3,7,-0.431883228171482
4,7,-0.43111409669322
5,7,-0.430565491559563
6,7,-0.431796876333189
7,7,-0.430701313730022
8,7,-0.429386318987261
9,7,-0.426405757037248
10,7,-0.415845203499434
11,7,-0.289750689335019
12,7,-0.420261953461557
13,7,-0.399466980374945
14,7,-0.426093054057292
15,7,-0.430846420013
16,7,-0.432381754685827
17,7,-0.0864138471630341
18,7,1.45375585252996
19,7,1.98709415370168
20,7,2.0134277300043
21,7,1.69354294837023
22,7,2.71301852427856
23,7,2.03337722443608
24,7,1.11102417518357
25,7,1.82616799755378
26,7,1.8090688111664
27,7,1.43286328769048
28,7,-0.360631347844798
29,7,-0.429752034448179
30,7,-0.412323962117356
31,7,-0.431291265819675
32,7,-0.427448155236625
33,7,0.974597370293079
34,7,4.11362016502837
35,7,0.605886917359734
36,7,3.06932220587416
37,7,1.75611743270407
38,7,-0.0437997909897462
39,7,0.0834891552613335
40,7,-0.378177275277461
41,7,-0.427424041991646
42,7,-0.382295664077221
43,7,-0.395022653228522
44,7,-0.366714150619927
45,7,-0.417749861861063
46,7,-0.431102243641198
47,7,-0.432095138483816
48,7,-0.43195259038037
49,7,-0.43240348761304
50,7,-0.432103596305045
51,7,-0.432429330519445
52,7,-0.432350612725569
53,7,-0.432209925570273
54,7,-0.432232734793231
55,7,-0.432365161333461
56,7,-0.432047926385217
57,7,-0.430857530312968
58,7,-0.432289929635935
59,7,-0.431688237166431
60,7,-0.432105051933274
61,7,-0.432359265162856
62,7,-0.432398784705288
63,7,-0.432579835740906
64,7,-0.432598985713503
65,7,-0.432590414271405
66,7,-0.432293706985886
67,7,-0.431516517675906
68,7,-0.432599015877935
69,7,-0.432599348774831
70,7,-0.432599298109038
71,7,-0.432599341070497
0,8,-0.426764880556449
1,8,-0.430866038234092
2,8,-0.430310723506002
3,8,-0.430973044034627
4,8,-0.425689236882736
5,8,-0.431153588994061
6,8,-0.432024608633088
7,8,-0.43235543393635
8,8,-0.428650427425915
9,8,-0.404036319469731
10,8,-0.0714286663445918
11,8,0.52700802571866
12,8,-0.258213231889183
13,8,-0.404463823705319
14,8,-0.423931827218388
15,8,-0.430858336664125
16,8,-0.430691202808362
17,8,-0.394538656456591
18,8,0.203876891295541
19,8,1.49966018743033
20,8,2.5764040719112
21,8,2.02202283096283
22,8,2.11570041971386
23,8,1.46213962418663
24,8,1.99040976997846
25,8,-0.0405478378761551
26,8,2.34351558230992
27,8,1.71774515700655
28,8,0.584293585248957
29,8,-0.294378570155584
30,8,-0.426579783421025
31,8,-0.431975007348504
32,8,-0.425557832791733
33,8,-0.211565452694257
34,8,2.87680435249556
35,8,1.0252920350219
36,8,2.24373908309563
37,8,0.671599606887158
38,8,-0.421362507636908
39,8,-0.416890896670085
40,8,-0.246275347789386
41,8,-0.429633800162735
42,8,-0.267210599998701
43,8,-0.41880078649422
44,8,-0.415756706270687
45,8,-0.407891912011773
46,8,-0.4233594775051
47,8,-0.414131698282465
48,8,-0.431719195627571
49,8,-0.432264914837295
50,8,-0.432025682994957
51,8,-0.431930650749053
52,8,-0.431661921835225
53,8,-0.432543127546046
54,8,-0.432404857287265
55,8,-0.432501143275036
56,8,-0.431341725149334
57,8,-0.431481506938222
58,8,-0.432516363774904
59,8,-0.431897153758161
60,8,-0.432545649823115
61,8,-0.432322010009251
62,8,-0.429711620639521
63,8,-0.431376458402703
64,8,-0.432598742874622
65,8,-0.432596495167647
66,8,-0.432552529359139
67,8,-0.432598842378057
68,8,-0.4325993345414
69,8,-0.432599343203335
70,8,-0.432599333975545
71,8,-0.432599334584927
0,9,-0.425494717308039
1,9,-0.431496985154528
2,9,-0.43190609215775
3,9,-0.427642600520329
4,9,-0.431934721419994
5,9,-0.432042709317743
6,9,-0.429675068919082
7,9,-0.429292277517918
8,9,-0.428107889164905
9,9,-0.397468460737693
10,9,-0.246142458129084
11,9,0.174633909427956
12,9,-0.34993700482771
13,9,-0.425146005252772
14,9,-0.428186849620888
15,9,-0.42431731272151
16,9,-0.428877134927014
17,9,-0.342858711080279
18,9,-0.356814909959138
19,9,1.25252302317753
20,9,2.1353299512305
21,9,3.51092076456276
22,9,2.39360504414556
23,9,1.72783115472335
24,9,1.36193487355085
25,9,1.52727607494051
26,9,2.79121324124846
27,9,3.2522255687291
28,9,1.68777273708965
29,9,-0.422879246994432
30,9,-0.428160111833935
31,9,-0.431545054937956
32,9,-0.430581685871314
33,9,-0.421856877036318
34,9,-0.0586333838439928
35,9,-0.141602815822176
36,9,-0.0798460926223602
37,9,-0.42227949322868
38,9,-0.203282464559441
39,9,-0.391125166123813
40,9,-0.421212363353642
41,9,-0.395125223003721
42,9,-0.379887337623457
43,9,-0.361190389008968
44,9,2.99726380697294
45,9,-0.0329859467666768
46,9,-0.0333282587247128
47,9,-0.25984281952588
48,9,0.0272438730743728
49,9,-0.431965598565622
50,9,-0.432227250596682
51,9,-0.431543469710149
52,9,-0.432329058952794
53,9,-0.432565387545559
54,9,-0.432486174229707
55,9,-0.265240777691272
56,9,-0.239080526033181
57,9,0.14277125913323
58,9,-0.3397545730226
59,9,-0.427467865575733
60,9,-0.430381875377838
61,9,-0.430935103125021
62,9,-0.431346247218537
63,9,-0.432596235744855
64,9,-0.432598918550854
65,9,-0.432599139190813
66,9,-0.432599254581722
67,9,-0.432597247667839
68,9,-0.432599302722932
69,9,-0.432599325313609
70,9,-0.432599333975545
71,9,-0.432599330623941
0,10,-0.428039347377244
1,10,-0.0973184955122
2,10,-0.28819272782555
3,10,-0.426759452939459
4,10,-0.386310210138039
5,10,-0.432308312488199
6,10,-0.432482542138879
7,10,-0.431973471357664
8,10,-0.429713028137535
9,10,-0.427607879120395
10,10,-0.425024519217182
11,10,-0.220623103907392
12,10,-0.424598943398043
13,10,-0.423777614298705
14,10,-0.426186877855392
15,10,-0.431008349017809
16,10,-0.429957659548968
17,10,-0.413082640208208
18,10,-0.297410613169744
19,10,0.708662065675058
20,10,1.44991430357408
21,10,1.33190765337083
22,10,0.111098663254677
23,10,0.0762132701738614
24,10,3.61980621463717
25,10,3.91545121019965
26,10,1.58336419818861
27,10,-0.24134810337554
28,10,0.0841300957995837
29,10,-0.405398210741454
30,10,-0.424670014896543
31,10,-0.431712812852506
32,10,-0.431162466067771
33,10,-0.430418054246656
34,10,-0.427102201087711
35,10,-0.424375185464957
36,10,-0.421075185263074
37,10,0.0417702798957806
38,10,0.131963872565184
39,10,0.143154757914847
40,10,-0.397740153252145
41,10,-0.171907167818925
42,10,-0.399069488502962
43,10,-0.285233863701942
44,10,2.19914376031081
45,10,-0.237090087535881
46,10,0.277604599877002
47,10,0.536144834628714
48,10,0.0495578142288628
49,10,-0.348463822415304
50,10,-0.426518004057021
51,10,-0.431434602727899
52,10,-0.431247682145604
53,10,-0.432461802113443
54,10,-0.430208824261708
55,10,0.139159599992922
56,10,0.591688292081382
57,10,1.04902589788921
58,10,0.497137242956783
59,10,-0.429675342448065
60,10,-0.430453324190768
61,10,-0.432584078696468
62,10,-0.43257638032514
63,10,-0.432544619184793
64,10,-0.432598669008766
65,10,-0.432552287956837
66,10,-0.432596864235736
67,10,-0.432597645942773
68,10,-0.432563942047324
69,10,-0.432599222763257
70,10,-0.432599275910107
71,10,-0.432592226879305
0,11,-0.430614968866639
1,11,-0.429930713988747
2,11,-0.106563844040777
3,11,-0.100471932103034
4,11,-0.430810977229195
5,11,-0.430653930744962
6,11,-0.431387099148098
7,11,-0.432419616397828
8,11,-0.432116268237959
9,11,-0.430767553613626
10,11,-0.424273610359076
11,11,-0.410005938266431
12,11,-0.42241392014165
13,11,-0.427928335055535
14,11,-0.422141201601373
15,11,-0.427585242419895
16,11,-0.428451004350318
17,11,-0.424511458479416
18,11,-0.291341826760765
19,11,3.23836222847333
20,11,2.43230119439552
21,11,-0.13286648431658
22,11,0.162878368069062
23,11,-0.0889348999586465
24,11,0.724048467036888
25,11,6.20291695763908
26,11,1.47673081647781
27,11,-0.426311006144276
28,11,-0.275458386615621
29,11,-0.424041980321117
30,11,-0.424903428572969
31,11,-0.427720614117112
32,11,-0.419462434055987
33,11,-0.4298789807241
34,11,-0.430753378794081
35,11,-0.42888529094501
36,11,-0.429870201530345
37,11,-0.372165833022806
38,11,0.529469607458464
39,11,0.396071064149252
40,11,-0.419901340949373
41,11,-0.419275882149953
42,11,-0.251415346337792
43,11,1.85857734947887
44,11,1.27920699165518
45,11,-0.16488275292504
46,11,0.0621917773848143
47,11,1.96751592503481
48,11,1.67657215051703
49,11,-0.285478010706768
50,11,-0.395515912140014
51,11,-0.423015733186384
52,11,-0.432538302892156
53,11,-0.430895276796325
54,11,-0.423577942913559
55,11,-0.217332830851121
56,11,-0.321088288378157
57,11,0.212943179886422
58,11,-0.119328317771496
59,11,-0.429887468340572
60,11,-0.430337640894984
61,11,-0.432598436834066
62,11,-0.432591481691707
63,11,-0.432599335542528
64,11,-0.43259923260043
65,11,-0.432566762007364
66,11,-0.432396816052655
67,11,-0.432442797173648
68,11,-0.432563266329167
69,11,-0.432599219846927
70,11,-0.432599329013431
71,11,-0.432599323441934
0,12,-0.42744689651161
1,12,-0.42959325195095
2,12,-0.276664630062872
3,12,-0.426505778505342
4,12,-0.423910068092069
5,12,-0.424660214554169
6,12,-0.426277436307441
7,12,-0.420421296454383
8,12,-0.432451943307724
9,12,-0.432019562858986
10,12,-0.425429182062582
11,12,-0.420192699493489
12,12,-0.429095609409681
13,12,-0.430316779807889
14,12,-0.427044455672109
15,12,-0.165937844811139
16,12,-0.332647760703855
17,12,-0.383060862190732
18,12,-0.365219474224385
19,12,1.60305730185537
20,12,3.74426939409519
21,12,7.47019996870518
22,12,1.84996140936965
23,12,-0.369513645141624
24,12,-0.404470572126567
25,12,0.190936618797521
26,12,-0.351833454078402
27,12,-0.331036819036069
28,12,-0.423439381726693
29,12,-0.427466978991853
30,12,-0.423762562372991
31,12,-0.42903911262399
32,12,-0.420978964736228
33,12,-0.426063686472893
34,12,-0.431506332490166
35,12,-0.431784962204152
36,12,-0.430883580537515
37,12,-0.429189595067558
38,12,-0.42156173086789
39,12,-0.421071443422386
40,12,-0.419490075647264
41,12,-0.31365353810886
42,12,0.560043536207175
43,12,3.99626479307782
44,12,2.30100998214501
45,12,-0.402940615818807
46,12,-0.382685866046683
47,12,1.12367272307355
48,12,1.4825941486316
49,12,-0.212062876876674
50,12,-0.396159913836848
51,12,-0.428585024260035
52,12,-0.432052709661637
53,12,-0.43158230926873
54,12,-0.0546366564662345
55,12,-0.331349916186991
56,12,0.199182311699933
57,12,-0.0729979453814695
58,12,-0.355161957249082
59,12,-0.431215611103881
60,12,-0.432330356241446
61,12,-0.432598214322447
62,12,-0.432599248749063
63,12,-0.432594971842249
64,12,-0.432538764455426
65,12,-0.432594308877656
66,12,-0.432597397619438
67,12,-0.432596938754492
68,12,-0.432597566635999
69,12,-0.432599113640279
70,12,-0.432599320830296
71,12,-0.432599335150782
0,13,-0.426206149744731
1,13,-0.327896497294097
2,13,-0.429177344045685
3,13,-0.429990224187744
4,13,-0.431502836114323
5,13,-0.430535469728963
6,13,-0.428720040130153
7,13,-0.429850443687474
8,13,-0.432519041619839
9,13,-0.431219889737202
10,13,-0.42719788569472
11,13,-0.428594812644975
12,13,-0.431577137745082
13,13,-0.430610405146041
14,13,-0.343984117608277
15,13,0.110514831054724
16,13,-0.0987300121690115
17,13,-0.329571262123585
18,13,-0.315255363105453
19,13,-0.376136031673129
20,13,-0.301289979399316
21,13,0.300674893417006
22,13,0.325002843736469
23,13,-0.393296993828263
24,13,-0.169650355387709
25,13,-0.422944622767494
26,13,-0.404617061063657
27,13,-0.420615665694275
28,13,-0.421489645420948
29,13,-0.422489140654184
30,13,-0.39084580597209
31,13,-0.148845681968316
32,13,-0.370642470330585
33,13,-0.379727797687701
34,13,-0.39311578792157
35,13,-0.430395777512874
36,13,-0.43104890617701
37,13,-0.429196021821672
38,13,-0.428142240900628
39,13,-0.420160509005444
40,13,-0.418715286262998
41,13,-0.295117784245722
42,13,3.66528453401791
43,13,2.99934044801048
44,13,1.49255089565816
45,13,-0.28861398432692
46,13,-0.333187662732927
47,13,-0.311261334957934
48,13,-0.206596413820346
49,13,0.696143726529799
50,13,-0.429037941613095
51,13,-0.430852422956851
52,13,-0.430194142208073
53,13,-0.430201395525154
54,13,-0.0613616990692467
55,13,2.19928408831922
56,13,2.35400658395136
57,13,3.06738060675052
58,13,0.534875210469633
59,13,-0.426306803321092
60,13,-0.43255739157789
61,13,-0.432591706945462
62,13,-0.432286544823256
63,13,-0.432121968293896
64,13,-0.432226428075126
65,13,-0.432594029388807
66,13,-0.432591026918168
67,13,-0.432511623653267
68,13,-0.432584738701069
69,13,-0.432597513967954
70,13,-0.432599223111474
71,13,-0.432599318131602
0,14,-0.430722487752665
1,14,-0.40770174292199
2,14,-0.430577499401994
3,14,-0.432321213373062
4,14,-0.145322581754344
5,14,-0.432169013412905
6,14,-0.432390456843056
7,14,-0.431245990122198
8,14,-0.432534465305829
9,14,-0.43074815782855
10,14,-0.429663748221153
11,14,-0.42819997697705
12,14,-0.419032295815345
13,14,-0.0422366662755404
14,14,1.11574940946687
15,14,-0.329892074410769
16,14,-0.396480896542186
17,14,0.549383724946937
18,14,-0.308233571999089
19,14,-0.188745381974089
20,14,-0.0998041335109163
21,14,0.0591585837649512
22,14,-0.0889540842244475
23,14,-0.112488663765948
24,14,0.620889505470264
25,14,2.66792375665671
26,14,0.121903631919799
27,14,2.03477924162707
28,14,-0.0569493584852615
29,14,-0.329745804135762
30,14,-0.2787378275012
31,14,-0.309274268338024
32,14,0.290563763308082
33,14,-0.166039650086577
34,14,-0.42125793626672
35,14,-0.282848935594323
36,14,-0.429231564085658
37,14,-0.42858780633975
38,14,-0.391249990227327
39,14,-0.155940849510847
40,14,0.0769778121539773
41,14,4.12750181585219
42,14,5.188604536715
43,14,-0.0502594676252297
44,14,-0.266783011823283
45,14,-0.211062636642598
46,14,-0.364903865909666
47,14,-0.407671711955793
48,14,-0.377705270133249
49,14,-0.423347872559768
50,14,-0.431569232701444
51,14,-0.431291501449176
52,14,-0.429542219587064
53,14,-0.420365751567665
54,14,-0.357013409029507
55,14,0.670932660089511
56,14,1.34310476295975
57,14,0.983722131134013
58,14,-0.11468604198521
59,14,-0.432576988489161
60,14,-0.432598037601542
61,14,-0.432542901639369
62,14,-0.432453882099863
63,14,-0.432523013747197
64,14,-0.432161360353192
65,14,-0.432255024563752
66,14,-0.432569435367603
67,14,-0.432590677350263
68,14,-0.432592614098189
69,14,-0.432479354417079
70,14,-0.432556222651843
71,14,-0.432599263026021
0,15,-0.428327141415243
1,15,-0.432083741191075
2,15,-0.431345986678899
3,15,-0.430776375790423
4,15,-0.432024870294173
5,15,-0.432460769166521
6,15,-0.432473112424948
7,15,-0.431438135357003
8,15,-0.43022314574033
9,15,-0.427961562844735
10,15,-0.431303209120245
11,15,-0.429621731547083
12,15,-0.42431931272908
13,15,0.163859563294582
14,15,0.748145422813651
15,15,0.191685977531495
16,15,-0.242699394995931
17,15,0.446495189119646
18,15,-0.21905559117452
19,15,0.924142819067852
20,15,0.884657262175825
21,15,1.97478642297713
22,15,3.85197961141323
23,15,1.88300902479702
24,15,3.23018490372679
25,15,0.365581059180947
26,15,-0.423769533045339
27,15,-0.272545866063608
28,15,-0.370571235179335
29,15,0.529991188523236
30,15,-0.329115998757702
31,15,-0.32790411896353
32,15,-0.245767961104097
33,15,-0.330026693882391
34,15,-0.424279085346834
35,15,-0.337099460400242
36,15,-0.344865250152109
37,15,-0.371293663872865
38,15,-0.128199657486545
39,15,2.57443069703834
40,15,8.4652467479883
41,15,5.38855978141697
42,15,-0.410136000950784
43,15,-0.419252087739593
44,15,-0.330295616445707
45,15,-0.425149426440345
46,15,-0.194688518598834
47,15,0.012565398538388
48,15,-0.318270997626655
49,15,-0.421714459710844
50,15,-0.430797018105059
51,15,-0.431894631349192
52,15,-0.43035334832074
53,15,-0.413801144271491
54,15,-0.305230201421036
55,15,-0.222867165950636
56,15,-0.0229436657675314
57,15,-0.404401259253699
58,15,-0.432430199455922
59,15,-0.432550653853889
60,15,-0.432595365111571
61,15,-0.432598559058767
62,15,-0.432592261265812
63,15,-0.431678631388221
64,15,-0.43256769340503
65,15,-0.432548473745484
66,15,-0.432546790761068
67,15,-0.432467769710247
68,15,-0.432499856519518
69,15,-0.4324587127604
70,15,-0.432594929577203
71,15,-0.432599216669432
0,16,-0.431919006538236
1,16,-0.432254119412004
2,16,-0.389714894402418
3,16,-0.0269107466070481
4,16,-0.348885682008974
5,16,-0.432071259605667
6,16,-0.432528869216596
7,16,-0.431258096935535
8,16,-0.428187642893571
9,16,-0.428788982532461
10,16,-0.423468080835668
11,16,-0.429944980769936
12,16,-0.357873064053804
13,16,-0.0698770606578019
14,16,0.621055000729723
15,16,-0.156391783126226
16,16,-0.205091292567978
17,16,1.50624216915059
18,16,1.96723516683969
19,16,1.89729712851573
20,16,0.851618841046888
21,16,2.50518720867735
22,16,4.09113507858903
23,16,3.95091482707692
24,16,0.598286277456317
25,16,-0.391617941680627
26,16,-0.406238305454024
27,16,-0.42123743069625
28,16,-0.148645782813529
29,16,-0.0975988582100983
30,16,-0.344724375307294
31,16,-0.421918049639658
32,16,-0.305354455075993
33,16,-0.395830723384005
34,16,-0.300635429252922
35,16,-0.305755493534381
36,16,-0.413074493827741
37,16,-0.386910343644899
38,16,0.024955147075987
39,16,2.64504405030935
40,16,2.955676907243
41,16,0.0022838244165389
42,16,-0.372073081361043
43,16,0.144291313113904
44,16,-0.0738088846466348
45,16,-0.417674181332889
46,16,-0.39195554821847
47,16,-0.201833685638637
48,16,-0.149441160434669
49,16,-0.407274877213574
50,16,-0.430230351822497
51,16,-0.432571809086594
52,16,-0.432534091058552
53,16,-0.432427991313957
54,16,-0.42470608652234
55,16,-0.430430599116245
56,16,-0.43030811411873
57,16,-0.422013817811655
58,16,-0.432570845740006
59,16,-0.432580382443828
60,16,-0.432207394947294
61,16,-0.43252663422097
62,16,-0.432596052494875
63,16,-0.431505921755137
64,16,-0.432034922688649
65,16,-0.432592538970018
66,16,-0.432577984263362
67,16,-0.432564601006704
68,16,-0.432468274277992
69,16,-0.432595561376181
70,16,-0.432568942116857
71,16,-0.432598668965236
0,17,-0.432502320296906
1,17,-0.431673052910593
2,17,-0.428350382790708
3,17,-0.404573470386469
4,17,-0.32502994589183
5,17,-0.379658426862428
6,17,-0.432080100098384
7,17,-0.432403412920214
8,17,-0.43186940150185
9,17,-0.430603887747919
10,17,-0.428858178135022
11,17,-0.430638784648255
12,17,-0.387152714615418
13,17,-0.316293353193768
14,17,-0.248107349714913
15,17,-0.369706684182309
16,17,-0.274278001059512
17,17,0.571648670920905
18,17,1.54154691710788
19,17,0.801155697183912
20,17,1.08854055949498
21,17,0.439234551868192
22,17,1.19186561550362
23,17,4.12083617822399
24,17,1.29836681328615
25,17,-0.292061734598684
26,17,-0.158071216809575
27,17,0.468302459235042
28,17,0.0352654219784978
29,17,2.42498932385809
30,17,0.214850327170908
31,17,2.19194488930149
32,17,1.59852194313084
33,17,-0.0418946000302941
34,17,0.225169516204475
35,17,0.136496469053672
36,17,-0.312697744858826
37,17,-0.411315604760991
38,17,-0.369244964284376
39,17,9.61893316376987
40,17,0.0400805129568326
41,17,0.706979539141296
42,17,-0.00751235223107024
43,17,-0.295013121769957
44,17,-0.388135044063047
45,17,-0.111794859827732
46,17,-0.318844684912044
47,17,-0.236435236550562
48,17,0.180949989850365
49,17,-0.299534491184656
50,17,-0.429651570331584
51,17,-0.432543802219543
52,17,-0.432433862494956
53,17,-0.432470968966185
54,17,-0.432379860678692
55,17,-0.432151718706643
56,17,-0.432575487536517
57,17,-0.432597812826497
58,17,-0.432542343357901
59,17,-0.432515542067888
60,17,-0.432573569418585
61,17,-0.431962249832338
62,17,-0.432448455986289
63,17,-0.432592578275181
64,17,-0.432559474185567
65,17,-0.432350684760596
66,17,-0.432383674849779
67,17,-0.432583480500495
68,17,-0.432415027574511
69,17,-0.432487605453356
70,17,-0.432572469439476
71,17,-0.432599202653637
0,18,-0.431664897435925
1,18,-0.420130912856944
2,18,-0.419664492381125
3,18,0.0254009754021949
4,18,-0.197019530839546
5,18,-0.327036785400324
6,18,-0.432248886300337
7,18,-0.430878227195959
8,18,-0.431812134479706
9,18,-0.430969758287388
10,18,-0.429854977371625
11,18,-0.431317209855129
12,18,-0.430909145486965
13,18,-0.423635246616203
14,18,-0.352760114208646
15,18,-0.372401669711889
16,18,0.70776843110992
17,18,2.72880658679401
18,18,2.30346579752525
19,18,2.47273700009591
20,18,0.562309091549793
21,18,2.84843963198929
22,18,3.30491881660037
23,18,3.40669620366321
24,18,0.474638042036637
25,18,-0.218243652680229
26,18,1.2197764658593
27,18,3.32215389858602
28,18,0.789685148698972
29,18,2.09307507965325
30,18,4.1485446146871
31,18,6.87163113847485
32,18,2.87791576539843
33,18,0.0473870678131933
34,18,-0.0688247982505479
35,18,-0.293196654897983
36,18,-0.287657022272556
37,18,-0.388065231794769
38,18,-0.419328902376707
39,18,-0.42329038468247
40,18,0.20461031395142
41,18,-0.309889928345182
42,18,-0.254648434647414
43,18,-0.431101755359908
44,18,-0.432584833068324
45,18,-0.431854393543554
46,18,-0.405524983899993
47,18,-0.354878701326793
48,18,-0.312243275845262
49,18,-0.347086880889355
50,18,-0.432101953751324
51,18,-0.432217458661275
52,18,-0.431882978151853
53,18,-0.432578440473008
54,18,-0.431935842375231
55,18,-0.4319806214106
56,18,-0.432345710765131
57,18,-0.432464936428079
58,18,-0.431921090909975
59,18,-0.431771877910078
60,18,-0.432505862506744
61,18,-0.431100653125778
62,18,-0.430760459134214
63,18,-0.432532926050137
64,18,-0.431980209421195
65,18,-0.431453403905621
66,18,-0.431538856126048
67,18,-0.432586032724771
68,18,-0.43258039776567
69,18,-0.432597247450194
70,18,-0.432598968476686
71,18,-0.432599322179642
0,19,-0.429729894364666
1,19,-0.399862910411538
2,19,0.474743813655853
3,19,0.0573946363282302
4,19,-0.241614989717221
5,19,-0.314945328789072
6,19,-0.431721981122449
7,19,-0.432064704166668
8,19,-0.432062582162151
9,19,-0.432313545384234
10,19,-0.432565285299995
11,19,-0.432415761185101
12,19,-0.431212227417827
13,19,-0.427515683147965
14,19,-0.271724088045009
15,19,-0.284258018260634
16,19,-0.0676936179442525
17,19,1.05388349369565
18,19,2.70593263540552
19,19,3.11846081259719
20,19,3.97324773029779
21,19,3.21426097987178
22,19,3.27059233600842
23,19,3.17401261066819
24,19,-0.24153071250956
25,19,3.98842897893563
26,19,3.25543464331603
27,19,1.22925773663573
28,19,1.6126280213346
29,19,0.429697866155365
30,19,0.165034146801046
31,19,3.55533949342565
32,19,1.72882170698834
33,19,0.304861236857447
34,19,-0.422313100439314
35,19,-0.386635767585468
36,19,-0.413013853566294
37,19,-0.420517976889573
38,19,-0.364369104333794
39,19,-0.296222179920478
40,19,-0.421274589081628
41,19,-0.046751378427303
42,19,-0.330496583701239
43,19,-0.431293495170491
44,19,-0.432328139308411
45,19,-0.431033240319741
46,19,-0.431660280591477
47,19,-0.219512422709294
48,19,-0.40307068569951
49,19,-0.31219907235303
50,19,-0.431133975453203
51,19,-0.432466383754909
52,19,-0.432320700446183
53,19,-0.432453666467214
54,19,-0.432144054935299
55,19,-0.432589901345373
56,19,-0.431097702072981
57,19,-0.431105355752409
58,19,-0.430429891619845
59,19,-0.394053642480409
60,19,-0.430890081764495
61,19,-0.431983000148051
62,19,-0.429131633703101
63,19,-0.432041693125724
64,19,-0.385354789013102
65,19,-0.320798912303408
66,19,-0.43216415080615
67,19,-0.432554311715964
68,19,-0.43255680892177
69,19,-0.432454068093103
70,19,-0.432599316172873
71,19,-0.432599337762421
0,20,-0.431878196057692
1,20,-0.424149815986008
2,20,-0.429937324153873
3,20,-0.430816197440835
4,20,-0.418833835322547
5,20,-0.43206847959293
6,20,-0.431992804223443
7,20,-0.432461493461901
8,20,-0.431946823495548
9,20,-0.43258913883376
10,20,-0.432567535269679
11,20,-0.414371723512993
12,20,-0.430491137606205
13,20,-0.386436988277293
14,20,-0.309929396471168
15,20,0.0129811540408
16,20,3.26902729965116
17,20,1.13261944948431
18,20,2.51536200753551
19,20,2.50381097715338
20,20,3.14084091139895
21,20,4.71246516030443
22,20,4.05702552735516
23,20,1.33484545949794
24,20,2.50546011272855
25,20,1.62999023942892
26,20,2.19110695554207
27,20,3.40509381901114
28,20,2.42275837915319
29,20,6.17890489213154
30,20,1.05478163884549
31,20,2.58277122327396
32,20,1.05415843877937
33,20,-0.368867251483417
34,20,-0.370767925064164
35,20,0.209854550256019
36,20,-0.372152374003276
37,20,-0.211410380688884
38,20,-0.424391073083055
39,20,-0.426370593026495
40,20,-0.419947851086518
41,20,-0.37856648365153
42,20,0.271248825673686
43,20,-0.417833629854502
44,20,-0.43252741832175
45,20,-0.43074750375908
46,20,-0.432479173210897
47,20,-0.137705133441431
48,20,-0.423127436125167
49,20,-0.430295123816267
50,20,-0.432449926817123
51,20,-0.432084318967975
52,20,-0.432136737398254
53,20,-0.432557930532765
54,20,-0.432571737614768
55,20,-0.432531882395575
56,20,-0.431082276510543
57,20,-0.286213876766408
58,20,-0.241273579675458
59,20,-0.0964230517613607
60,20,-0.415938857014686
61,20,-0.316618749761813
62,20,0.245586563166413
63,20,0.0626164887984983
64,20,-0.401121256531447
65,20,-0.429949672349425
66,20,-0.432533297903176
67,20,-0.432579287993468
68,20,-0.432522926391142
69,20,-0.432597680634033
70,20,-0.432599343899772
71,20,-0.432599343072753
0,21,-0.432500751312718
1,21,-0.432017008286936
2,21,-0.43246530516747
3,21,-0.432451962023066
4,21,-0.432597735478458
5,21,-0.431781898447412
6,21,-0.432445187347748
7,21,-0.43209892101258
8,21,-0.431835813140382
9,21,-0.432301931641825
10,21,-0.431643544496816
11,21,-0.43128385139073
12,21,-0.430100935328009
13,21,-0.242268625691424
14,21,-0.397963687346566
15,21,0.278877601757936
16,21,2.27662017706553
17,21,0.482026310562797
18,21,0.327687887154344
19,21,-0.288254996370849
20,21,0.0785299042851847
21,21,1.44390294176067
22,21,0.619611525389802
23,21,0.548825411724639
24,21,-0.12568349610306
25,21,0.554346114326032
26,21,4.42897767245801
27,21,3.881774835633
28,21,0.963152390054125
29,21,1.23367223467075
30,21,-0.132893929953613
31,21,0.0314024748023565
32,21,0.18038190709284
33,21,-0.0850169928234507
34,21,-0.418096112670155
35,21,-0.291618392179903
36,21,-0.176840644430035
37,21,-0.306653159695296
38,21,-0.423211791860515
39,21,-0.426997879598163
40,21,-0.427474330132555
41,21,-0.427874290001125
42,21,-0.426584083603555
43,21,-0.382872162471118
44,21,-0.429288454684274
45,21,-0.432386114905792
46,21,-0.430376828542046
47,21,0.00127671901738122
48,21,-0.425041704914227
49,21,-0.371313949367735
50,21,-0.431903486008718
51,21,-0.430459486704935
52,21,-0.429649384995495
53,21,-0.432204634996357
54,21,-0.43257651830707
55,21,-0.432547310390925
56,21,-0.431590988434134
57,21,-0.305391126187518
58,21,-0.291041552434057
59,21,-0.276076109208431
60,21,-0.32000679838784
61,21,-0.382998787126515
62,21,0.316087215877009
63,21,0.415004354422057
64,21,-0.431525315444839
65,21,-0.432061926240334
66,21,-0.432571964435763
67,21,-0.432597913156958
68,21,-0.432572128272668
69,21,-0.432598575425037
70,21,-0.432598998554058
71,21,-0.43259934376919
0,22,-0.432599347860758
1,22,-0.432287143979085
2,22,-0.43246609800119
3,22,-0.432580167375623
4,22,-0.432599118863557
5,22,-0.432592198629896
6,22,-0.43259777691642
7,22,-0.43259835221697
8,22,-0.432457242190244
9,22,-0.431474283058377
10,22,-0.432593170333746
11,22,-0.432349765417039
12,22,-0.432560428347641
13,22,-0.429215152517936
14,22,-0.108695480877941
15,22,0.106327359532126
16,22,0.908061994343571
17,22,2.48526844420879
18,22,1.46739599796931
19,22,3.90153938245709
20,22,-0.185796481397048
21,22,1.7051802742227
22,22,2.26960453543271
23,22,1.06801688811668
24,22,-0.208729485218552
25,22,-0.168472278863028
26,22,2.59179200059695
27,22,4.22146938432845
28,22,2.54122699209439
29,22,5.95764305296091
30,22,2.05550384162908
31,22,0.160551706160976
32,22,0.953056259417
33,22,0.732761783508589
34,22,0.255031525541523
35,22,-0.381879316015556
36,22,-0.241073377301689
37,22,0.533135011234916
38,22,-0.41695183111495
39,22,-0.425735023367433
40,22,-0.41882097585089
41,22,-0.422396515288906
42,22,-0.425940899010913
43,22,-0.342450102113752
44,22,-0.378962553463171
45,22,-0.0967602764564336
46,22,0.5329641511495
47,22,-0.383536340402958
48,22,-0.419778966103747
49,22,-0.429179226521697
50,22,-0.428816469999341
51,22,-0.42960304725886
52,22,-0.424759083946371
53,22,-0.431766190096361
54,22,0.00511253657641619
55,22,-0.0992244316014054
56,22,-0.354818121168918
57,22,-0.306134631846926
58,22,-0.123150221853177
59,22,0.0699799104970889
60,22,-0.344354111622463
61,22,0.141878356886205
62,22,0.534356701393781
63,22,-0.413115993605219
64,22,-0.38398897594509
65,22,-0.431861979054117
66,22,-0.43254246092488
67,22,-0.43258520775161
68,22,-0.432597853611587
69,22,-0.432598677540114
70,22,-0.432599023974011
71,22,-0.432599332365034
0,23,-0.432585756065353
1,23,-0.432598556055382
2,23,-0.4325978257541
3,23,-0.432599227333624
4,23,-0.43259929110114
5,23,-0.432596611994954
6,23,-0.432597308127313
7,23,-0.432598238393058
8,23,-0.432596317053868
9,23,-0.432224284299441
10,23,-0.43259679951062
11,23,-0.432588017396068
12,23,-0.431623845901685
13,23,-0.427500246730375
14,23,-0.222832718014971
15,23,0.571064065530631
16,23,0.407791445994759
17,23,2.8240103381819
18,23,3.60999128317307
19,23,2.05119570418302
20,23,0.335226441886678
21,23,-0.0703633986325594
22,23,1.51343793471973
23,23,0.0150901762846705
24,23,0.363905725811379
25,23,4.81295641924926
26,23,3.02162399932592
27,23,2.72359785144563
28,23,3.68690030011341
29,23,0.660575259959643
30,23,2.36097379245318
31,23,1.99654441373403
32,23,1.55002167074392
33,23,-0.141390096500169
34,23,-0.297705943362641
35,23,-0.295478229390965
36,23,-0.421676675936289
37,23,-0.174832440673017
38,23,-0.416212082377168
39,23,-0.422350536281254
40,23,-0.426143833817826
41,23,-0.432159593436658
42,23,-0.431784640605608
43,23,-0.426959195315773
44,23,-0.405077126433994
45,23,-0.390868183056283
46,23,-0.421638090118895
47,23,-0.398877131078113
48,23,-0.356562300149816
49,23,-0.425970686283955
50,23,-0.428430944642807
51,23,-0.428929710030566
52,23,-0.432480502841061
53,23,-0.431894260462373
54,23,0.0887666379516066
55,23,-0.209706404559716
56,23,0.604146721845243
57,23,-0.133318132007345
58,23,-0.193441071721258
59,23,-0.432580246290398
60,23,-0.432501311901841
61,23,-0.430947570527119
62,23,-0.425769484926767
63,23,-0.351181357798384
64,23,-0.429651391357009
65,23,-0.43191564317666
66,23,-0.43253599267942
67,23,-0.432534722117238
68,23,-0.432585921164232
69,23,-0.432588223149843
70,23,-0.432558384740379
71,23,-0.432592152578061
0,24,-0.432599352648762
1,24,-0.43232582243533
2,24,-0.432597993726036
3,24,-0.43259932157026
4,24,-0.432599301808859
5,24,-0.432598789797063
6,24,-0.432323755761752
7,24,-0.431719971092346
8,24,-0.431437955787907
9,24,-0.432407620925423
10,24,-0.432357230614514
11,24,-0.432072567763961
12,24,-0.431048896459002
13,24,-0.43013368703743
14,24,-0.121877614251585
15,24,1.80721073493152
16,24,2.1219163620609
17,24,0.048356722103349
18,24,0.177093347331817
19,24,3.2245435441039
20,24,1.87062801103036
21,24,0.576697492372983
22,24,0.341255290028686
23,24,-0.358028741952182
24,24,-0.334124703602323
25,24,1.42696636726276
26,24,0.113141436575711
27,24,0.215717288159425
28,24,-0.0910734661928697
29,24,3.06420919165209
30,24,0.90091961709001
31,24,0.147273368258175
32,24,-0.226972580197999
33,24,-0.404357597612239
34,24,-0.318170156524699
35,24,-0.385417195156966
36,24,-0.374776737172802
37,24,-0.273645595299117
38,24,-0.420479186751693
39,24,-0.419285048108207
40,24,-0.425063946234276
41,24,-0.429964141504157
42,24,-0.424604491429397
43,24,-0.422852737653087
44,24,-0.380272919198609
45,24,-0.205235647882823
46,24,-0.421653682975908
47,24,-0.425702500845884
48,24,-0.42973941242676
49,24,-0.432137995504584
50,24,-0.426366947684109
51,24,-0.426691555661704
52,24,-0.409949990587932
53,24,-0.429273394360234
54,24,-0.287227739041505
55,24,0.0292326261915542
56,24,1.10987147547266
57,24,0.11022660574262
58,24,1.0453568978953
59,24,-0.228884137642936
60,24,-0.432309756197254
61,24,-0.285302642296834
62,24,-0.29550768079224
63,24,-0.123425264914597
64,24,-0.158040478955179
65,24,-0.417290703619363
66,24,-0.432554631989622
67,24,-0.432418538923447
68,24,-0.4324275287492
69,24,-0.432577152804425
70,24,-0.432572003566541
71,24,-0.432578600870891
0,25,-0.432599354215746
1,25,-0.432599081168902
2,25,-0.43259909675168
3,25,-0.432599278478218
4,25,-0.432599310557849
5,25,-0.43259925414645
6,25,-0.432597864928687
7,25,-0.43244288461819
8,25,-0.429372518787539
9,25,-0.432589255051641
10,25,-0.432162321784596
11,25,-0.432151210311044
12,25,-0.432177448001274
13,25,-0.431139514475631
14,25,-0.425958774530954
15,25,2.21315642354293
16,25,6.91814852683365
17,25,2.8738664169224
18,25,1.86651066474733
19,25,2.79457962648637
20,25,3.69537096320319
21,25,-0.0498407824169496
22,25,-0.295879816829749
23,25,-0.125486759221286
24,25,-0.0740644804501946
25,25,-0.178284490005418
26,25,-0.169615896797594
27,25,0.770041425982621
28,25,2.17305170136615
29,25,1.58502251002899
30,25,-0.359848310642194
31,25,-0.273497817294716
32,25,-0.403584059900163
33,25,-0.398152591508757
34,25,-0.328003220745437
35,25,-0.374172289337126
36,25,-0.159344864405019
37,25,-0.342630896893031
38,25,-0.421388268741012
39,25,-0.421659903718042
40,25,-0.40181922535218
41,25,-0.397932055120954
42,25,-0.419971568039195
43,25,-0.421921699916267
44,25,-0.381377241044516
45,25,-0.416305595366111
46,25,-0.399758009423215
47,25,-0.423181002106252
48,25,-0.413476656948442
49,25,-0.432372167447469
50,25,-0.432451517566008
51,25,-0.429518564246547
52,25,-0.430925530910805
53,25,-0.431920028775048
54,25,-0.408951000947524
55,25,-0.106177766624996
56,25,0.22930874765535
57,25,0.36634983595597
58,25,0.0549172989129315
59,25,-0.349563114672054
60,25,-0.186950442402213
61,25,-0.430691469783511
62,25,-0.200891198898896
63,25,-0.352615192668524
64,25,-0.430874540807114
65,25,-0.431950320304705
66,25,-0.431813845115712
67,25,-0.432228044891435
68,25,-0.432579138346625
69,25,-0.432424348423837
70,25,-0.432575458808611
71,25,-0.430465118703374
0,26,-0.432599354041636
1,26,-0.432599182195799
2,26,-0.432599204046511
3,26,-0.432599188115514
4,26,-0.432599119603521
5,26,-0.432599250490156
6,26,-0.432598988542776
7,26,-0.432242394177123
8,26,-0.431977754574766
9,26,-0.432298603063851
10,26,-0.432599197952687
11,26,-0.432588539331925
12,26,-0.432583167930824
13,26,-0.430471789989865
14,26,-0.430943440296448
15,26,-0.229828213268439
16,26,-0.127431365237633
17,26,0.379161357908593
18,26,0.235537302429776
19,26,2.05441957938397
20,26,-0.164650302039749
21,26,0.395653217202443
22,26,-0.148702122359367
23,26,0.321885693093259
24,26,-0.395045285670727
25,26,-0.246761230597021
26,26,-0.369199744081484
27,26,-0.294271957554116
28,26,-0.134567294506985
29,26,-0.185798683125676
30,26,0.51377966308594
31,26,-0.345697177325217
32,26,-0.428890618182302
33,26,-0.427651269802774
34,26,-0.312283443947083
35,26,-0.422974499667862
36,26,-0.414863612950813
37,26,-0.41186373288443
38,26,-0.42221701425994
39,26,-0.41809552822916
40,26,-0.422802993888011
41,26,-0.425137400916337
42,26,-0.422419740286467
43,26,-0.424773491820815
44,26,0.00266993121097769
45,26,0.00373610908339015
46,26,0.107018343537996
47,26,-0.0742539223691242
48,26,-0.37883376631111
49,26,-0.375608318191574
50,26,-0.398046030836747
51,26,-0.39675650055623
52,26,-0.392593040103773
53,26,-0.402088081818708
54,26,-0.198798452818744
55,26,0.573392337245257
56,26,1.61918364904091
57,26,-0.408369330485933
58,26,-0.366257595310945
59,26,-0.346214659450786
60,26,-0.385182911493971
61,26,-0.17338815598068
62,26,-0.123577098960279
63,26,-0.349909897308804
64,26,-0.432529982776405
65,26,-0.432545336383908
66,26,-0.432408875119436
67,26,-0.432294710588606
68,26,-0.432592931412268
69,26,-0.432594061947263
70,26,-0.432144248661639
71,26,-0.427554082167991
0,27,-0.43259935364989
1,27,-0.432599179192414
2,27,-0.432599040035591
3,27,-0.432599157646393
4,27,-0.432586175363591
5,27,-0.432598165658891
6,27,-0.432599284528515
7,27,-0.432373769598801
8,27,-0.431714190340392
9,27,-0.431150643555762
10,27,-0.406522984174791
11,27,-0.422906313926348
12,27,-0.432154113343117
13,27,-0.430969785179602
14,27,-0.429488174338308
15,27,-0.402063642960531
16,27,-0.233057156012049
17,27,-0.0893377670161918
18,27,-0.127490807583171
19,27,-0.399890070761381
20,27,-0.319759710812302
21,27,0.0916259350396145
22,27,0.276385067438902
23,27,-0.402007032058219
24,27,-0.264247994634931
25,27,-0.0532971171514379
26,27,-0.122560286577534
27,27,-0.395257911214333
28,27,-0.345736097373791
29,27,-0.376666958441067
30,27,-0.407716434701095
31,27,-0.430169836427564
32,27,-0.430892195285988
33,27,-0.426182096400462
34,27,-0.41205173103239
35,27,-0.337410845586568
36,27,-0.417219148419913
37,27,-0.425128070301381
38,27,-0.409583390608469
39,27,-0.421837611099529
40,27,-0.420883735943143
41,27,-0.423104115072069
42,27,-0.42188022377692
43,27,-0.413650673309548
44,27,-0.029336511212473
45,27,-0.21195145539138
46,27,-0.0329403347274946
47,27,1.20333628702834
48,27,0.509284859273275
49,27,0.181441221954107
50,27,-0.432591797743371
51,27,-0.43246437618836
52,27,-0.431928510158997
53,27,-0.431726514892085
54,27,-0.10820219874774
55,27,0.528153343451055
56,27,2.85373636743944
57,27,0.496897345665944
58,27,-0.304322964605124
59,27,-0.432061858261797
60,27,-0.432568558162224
61,27,-0.432091542782548
62,27,-0.431659894832092
63,27,-0.432588781300515
64,27,-0.432591838833162
65,27,-0.43258684002593
66,27,-0.432595931837113
67,27,-0.43258378358148
68,27,-0.43259364978716
69,27,-0.432551710915134
70,27,-0.432588877713421
71,27,-0.431665507033739
0,28,-0.432599353519309
1,28,-0.432599163130835
2,28,-0.432592692795686
3,28,-0.432596241055205
4,28,-0.432599094444732
5,28,-0.432598679455319
6,28,-0.432399672340699
7,28,-0.431929149040283
8,28,-0.432451963850496
9,28,-0.431271011215819
10,28,-0.430409149920322
11,28,-0.432582026296673
12,28,-0.432128892116054
13,28,-0.427335207838771
14,28,-0.424390740090768
15,28,-0.390970432042679
16,28,-0.35118985416444
17,28,-0.396116680470707
18,28,-0.419738880455001
19,28,-0.422298122156537
20,28,-0.431186550049874
21,28,0.501935596215916
22,28,-0.282272842533889
23,28,0.154454864497499
24,28,1.90237060042372
25,28,-0.0608843760583745
26,28,1.83308781247368
27,28,-0.394238201976077
28,28,-0.0549254157383644
29,28,-0.429121041961951
30,28,-0.429939790742207
31,28,-0.42914825501523
32,28,-0.429222063967909
33,28,-0.391152944317449
34,28,-0.227767782786932
35,28,0.38379425774896
36,28,-0.26254930149147
37,28,-0.358760582121592
38,28,-0.419971196441028
39,28,-0.41795163414468
40,28,-0.423458350315208
41,28,-0.427403712180876
42,28,-0.42495204553035
43,28,-0.408339390559872
44,28,1.36472479832178
45,28,1.96422389485391
46,28,5.87961321696701
47,28,2.75470415009714
48,28,-0.127832100722206
49,28,1.45293577954065
50,28,-0.432533363848231
51,28,-0.432543550414773
52,28,-0.432168125586703
53,28,-0.432598629616549
54,28,-0.388236438321029
55,28,2.37127750627602
56,28,3.77634643523762
57,28,2.25305770673063
58,28,1.35341009536817
59,28,-0.432458394622123
60,28,-0.431875128147881
61,28,-0.431992076449356
62,28,-0.432531898283304
63,28,-0.432552595477346
64,28,-0.432541927759638
65,28,-0.432468307837455
66,28,-0.432238111608299
67,28,-0.432583215027444
68,28,-0.432599055139568
69,28,-0.432266945649247
70,28,-0.432576479741755
71,28,-0.432571249847473
0,29,-0.432599353562836
1,29,-0.43259914036605
2,29,-0.432598832976155
3,29,-0.43259900843476
4,29,-0.432598954373836
5,29,-0.432239996192275
6,29,-0.430462845940492
7,29,-0.43163724615386
8,29,-0.431585022707528
9,29,-0.432094569910456
10,29,-0.430621130639901
11,29,-0.432572878553146
12,29,-0.412487705038364
13,29,-0.408015717828981
14,29,-0.323057109235114
15,29,-0.424464786214038
16,29,-0.423735261981335
17,29,-0.419513692695452
18,29,-0.427214930990228
19,29,-0.430600360594422
20,29,-0.432420883042807
21,29,-0.376901113934356
22,29,-0.329887774641358
23,29,-0.305008918942495
24,29,0.0157836437044622
25,29,-0.382619428253235
26,29,0.0461700931048596
27,29,-0.342823256480831
28,29,-0.409374601890058
29,29,-0.425267390968555
30,29,-0.40403991407157
31,29,-0.422627968187616
32,29,-0.423387861831175
33,29,-0.419264428114974
34,29,0.0427205820334321
35,29,2.21195185115289
36,29,0.948430262073759
37,29,-0.390851677094694
38,29,-0.341655352986225
39,29,0.270636392604277
40,29,0.434370140618308
41,29,-0.424326974098239
42,29,-0.429414401567356
43,29,-0.355537080349043
44,29,1.97499438909812
45,29,9.64076842992622
46,29,0.488561049264099
47,29,0.107877209356645
48,29,2.93790658737858
49,29,3.37869676307191
50,29,-0.431175664590087
51,29,-0.432541118804853
52,29,-0.432491491398858
53,29,-0.4325985449124
54,29,-0.432498846076474
55,29,2.50661965258369
56,29,4.60575451729371
57,29,3.50078074642422
58,29,0.239828668019103
59,29,-0.432404059518254
60,29,-0.432591129076853
61,29,-0.432373798197082
62,29,-0.432285470526594
63,29,-0.432374923987939
64,29,-0.432563807678046
65,29,-0.432526150022384
66,29,-0.432592205899018
67,29,-0.432578614538932
68,29,-0.432581742933297
69,29,-0.432598118779974
70,29,-0.432566430242406
71,29,-0.43258737737054
0,30,-0.432599353606363
1,30,-0.432599155078282
2,30,-0.432598632228182
3,30,-0.4325978359395
4,30,-0.432598622173376
5,30,-0.43259853389998
6,30,-0.431720845654709
7,30,-0.431044004151232
8,30,-0.432503908263477
9,30,-0.431392730904118
10,30,-0.432091117490042
11,30,-0.43230154300245
12,30,-0.395144629822558
13,30,-0.222477154614368
14,30,-0.347897634613811
15,30,-0.402670150855085
16,30,-0.42995466254006
17,30,-0.423412153499757
18,30,-0.41208441401828
19,30,-0.4325649768648
20,30,-0.432020514717076
21,30,-0.419367130747243
22,30,-0.328829656856091
23,30,-0.178433734218082
24,30,-0.000659763831131298
25,30,-0.422559094637381
26,30,-0.425748304525353
27,30,-0.417106413894267
28,30,-0.428203190780639
29,30,-0.424820656407994
30,30,-0.409469861472335
31,30,-0.403963287510658
32,30,-0.39800892896966
33,30,-0.415101046869361
34,30,0.0995013533738766
35,30,0.575391914593068
36,30,0.894834240455135
37,30,-0.074474108554221
38,30,0.64079194823849
39,30,2.13440129631628
40,30,0.834066162062242
41,30,-0.42196817333987
42,30,-0.426675981579313
43,30,-0.267658812432288
44,30,3.59754976830717
45,30,9.62346729993303
46,30,0.83738768140299
47,30,0.722374788286938
48,30,3.85950203152212
49,30,1.26599980056847
50,30,0.268155898283504
51,30,-0.432549328186523
52,30,-0.432589361693788
53,30,-0.432595627711787
54,30,-0.410825353196038
55,30,-0.160341703431067
56,30,-0.153587721655771
57,30,-0.0175531374765924
58,30,-0.431359011884841
59,30,-0.43242798335005
60,30,-0.432486257586526
61,30,-0.432436132316427
62,30,-0.432053510462356
63,30,-0.43124574880664
64,30,-0.430367790446118
65,30,-0.432596652388296
66,30,-0.432596772784878
67,30,-0.432489538675961
68,30,-0.432558793723158
69,30,-0.431978821854738
70,30,-0.432320156711924
71,30,-0.431936511480435
0,31,-0.43259935364989
1,31,-0.432599171705717
2,31,-0.432599007564213
3,31,-0.43249772355235
4,31,-0.432586453677285
5,31,-0.432060572420472
6,31,-0.432442146309313
7,31,-0.432002993926615
8,31,-0.432598735126753
9,31,-0.432598833498484
10,31,-0.432598673274443
11,31,-0.431490517776107
12,31,-0.429964467941894
13,31,-0.146935852056346
14,31,0.317383513787637
15,31,-0.345721000508964
16,31,-0.427092650386086
17,31,-0.41960996032241
18,31,-0.0143547459564361
19,31,0.252042675680901
20,31,-0.131134232780935
21,31,-0.426745646000968
22,31,-0.302686152736719
23,31,-0.0916043365820585
24,31,0.356694933659403
25,31,-0.329931423448921
26,31,-0.424905786101981
27,31,-0.422406483805078
28,31,-0.250162390599481
29,31,-0.331853255200214
30,31,2.89793934873504
31,31,1.79108679352673
32,31,1.65959371738941
33,31,3.83138190107928
34,31,0.419846075697199
35,31,0.436419716689195
36,31,1.89142032103079
37,31,4.5449064464801
38,31,2.93351903159606
39,31,1.84452538688972
40,31,0.190789708614646
41,31,-0.420305821810391
42,31,-0.365160992921589
43,31,0.273416249098371
44,31,3.86973717947729
45,31,2.61096563407193
46,31,1.5632163930429
47,31,3.50548616827325
48,31,1.52702165076961
49,31,-0.216734816436645
50,31,-0.412840054160925
51,31,-0.4152177026709
52,31,-0.42928074536616
53,31,-0.333008823717233
54,31,-0.291405448224727
55,31,-0.42928671266145
56,31,-0.424024081885913
57,31,-0.410149596583355
58,31,-0.43163964310001
59,31,-0.432409839639717
60,31,-0.432050286522599
61,31,-0.432204892890717
62,31,-0.431834352872891
63,31,-0.432332394794644
64,31,-0.430712248845018
65,31,-0.432589049341668
66,31,-0.432554660673983
67,31,-0.431821478223115
68,31,-0.431466815797349
69,31,-0.432376613719798
70,31,-0.431803504721393
71,31,-0.431154626012973
0,32,-0.43259935364989
1,32,-0.432564005553767
2,32,-0.432594441157219
3,32,-0.431254681211554
4,32,-0.423903577842048
5,32,-0.431079472887711
6,32,-0.432597700526039
7,32,-0.432259393446516
8,32,-0.432554753822136
9,32,-0.432597447632304
10,32,-0.43258262788739
11,32,-0.423017646264934
12,32,-0.426552873174589
13,32,-0.328422826995406
14,32,-0.172964319495429
15,32,-0.243931591813162
16,32,-0.429034114089711
17,32,-0.392802416149087
18,32,-0.258696566226371
19,32,-0.429204154395017
20,32,-0.232939310268762
21,32,-0.406401952633441
22,32,0.0485775483907978
23,32,0.24402353159407
24,32,-0.40407476672779
25,32,-0.386126773207431
26,32,-0.426344915373826
27,32,-0.427622290940946
28,32,-0.286937872301494
29,32,0.0420082032006143
30,32,3.91329356535143
31,32,2.71909673405205
32,32,2.72818371294207
33,32,3.80758529825317
34,32,5.22222928528157
35,32,2.60622239826846
36,32,0.292651532843537
37,32,5.18600923706201
38,32,1.14562196705674
39,32,0.177501177458712
40,32,-0.386487527808627
41,32,-0.406123845386772
42,32,0.344729992056093
43,32,0.00203682944962794
44,32,1.72648944463383
45,32,2.67270611433981
46,32,2.91250307786323
47,32,2.53455065099817
48,32,-0.124066930980973
49,32,0.30468498743087
50,32,-0.403056713969959
51,32,-0.174624752486319
52,32,0.000529254911860791
53,32,-0.421685795322524
54,32,-0.429672241907005
55,32,-0.431094734279588
56,32,-0.42983802969253
57,32,-0.431530119698938
58,32,-0.429235988559509
59,32,-0.432558038437288
60,32,-0.432538641056211
61,32,-0.43157999664659
62,32,-0.43237105632761
63,32,-0.432586670574236
64,32,-0.432488508645514
65,32,-0.432529041846345
66,32,-0.43257241041627
67,32,-0.432433978627592
68,32,-0.348195254175298
69,32,-0.42927907283414
70,32,-0.432105209729626
71,32,-0.431303496551948
0,33,-0.432599353127563
1,33,-0.432383696177646
2,33,-0.432433847479566
3,33,-0.376231456397458
4,33,-0.432246921781028
5,33,-0.43259601767306
6,33,-0.43259826585878
7,33,-0.432419854274237
8,33,-0.432586219978963
9,33,-0.431569085581858
10,33,-0.432213185235324
11,33,-0.432152171153292
12,33,-0.430777160636359
13,33,-0.396316847184669
14,33,-0.284994864231117
15,33,-0.208459439615104
16,33,-0.422868560356204
17,33,-0.373556216308426
18,33,0.860148018030748
19,33,0.111737484454799
20,33,-0.386773207837555
21,33,2.33680366578036
22,33,0.387643136204962
23,33,-0.376040581789744
24,33,-0.285606917060599
25,33,-0.251499830912941
26,33,-0.406171956124889
27,33,-0.423142489970956
28,33,-0.426609194724382
29,33,0.465298833221974
30,33,4.5272351572082
31,33,3.04035791691442
32,33,2.89665852822581
33,33,1.87074864615048
34,33,1.09540690217492
35,33,1.00255557169337
36,33,-0.385570328562835
37,33,0.227082905057223
38,33,0.50143629967235
39,33,-0.428029015511403
40,33,-0.259680679403304
41,33,-0.426423225940449
42,33,0.0965845206439337
43,33,-0.43094010682659
44,33,0.0210716160614109
45,33,1.13977994606047
46,33,0.914046670636882
47,33,0.94155580051732
48,33,-0.432191985824892
49,33,-0.343437055205715
50,33,-0.358254476362418
51,33,-0.379953459134822
52,33,-0.345867793670594
53,33,-0.398359610802942
54,33,-0.430785926529248
55,33,-0.431202896368069
56,33,-0.431197295122311
57,33,-0.429900269820989
58,33,-0.432388758360771
59,33,-0.431822889347063
60,33,-0.430142219778281
61,33,-0.432002821315566
62,33,-0.432480590810572
63,33,-0.431924938310205
64,33,-0.431763670909426
65,33,-0.432129739325755
66,33,-0.432376072092793
67,33,-0.432550605277578
68,33,-0.427977787924375
69,33,-0.370353121207436
70,33,-0.430462121247236
71,33,-0.416650463408173
0,34,-0.432599207224006
1,34,-0.432598402969823
2,34,-0.432597903406847
3,34,-0.432599102366705
4,34,-0.432599162782618
5,34,-0.432599134881608
6,34,-0.432599106850017
7,34,-0.432598791189937
8,34,-0.432597814567579
9,34,-0.432429685135843
10,34,-0.432591054558309
11,34,-0.431636550085455
12,34,-0.430723376793765
13,34,-0.137552930054855
14,34,-0.423330300308064
15,34,-0.0271734159944279
16,34,-0.126545156019564
17,34,2.05884352758854
18,34,-0.275187021080443
19,34,-0.151082323354683
20,34,-0.360321947454903
21,34,0.0360143805185773
22,34,0.281184780957788
23,34,3.16749051211145
24,34,1.07416249008253
25,34,-0.305004706815241
26,34,-0.421548509789454
27,34,-0.36227279245285
28,34,0.0448666258197914
29,34,0.422822700299926
30,34,1.7485774230408
31,34,2.99151767163648
32,34,3.28209908912141
33,34,1.6740588523313
34,34,0.463005527636356
35,34,-0.390083049433955
36,34,-0.410070340541742
37,34,-0.34870303138005
38,34,-0.410076278326468
39,34,-0.153731199717691
40,34,0.199714203069857
41,34,-0.352634995178694
42,34,-0.353583343989658
43,34,-0.432205659103547
44,34,-0.117837703210531
45,34,-0.391022531308343
46,34,0.135048868988234
47,34,-0.431341235043011
48,34,-0.431448716413967
49,34,-0.134503354045225
50,34,-0.413922170433158
51,34,-0.432032583604353
52,34,-0.432065309375099
53,34,-0.430557287195517
54,34,-0.308525125512192
55,34,-0.381547600536306
56,34,-0.427679585239466
57,34,-0.430033074440281
58,34,-0.431584918336099
59,34,-0.430158346632948
60,34,-0.431960707840962
61,34,-0.329120760567205
62,34,-0.391726188731525
63,34,-0.412530615306886
64,34,-0.431739315570553
65,34,-0.432278300704929
66,34,-0.431898526323778
67,34,-0.431301366481923
68,34,-0.430518720842511
69,34,-0.43097722181243
70,34,-0.429676341962708
71,34,-0.430137951675557
0,35,-0.432597593535858
1,35,-0.432598914763985
2,35,-0.43259246449486
3,35,-0.432599248705535
4,35,-0.432599263504822
5,35,-0.432599153685408
6,35,-0.432598973656436
7,35,-0.432596655086999
8,35,-0.432571798770851
9,35,-0.432599346511411
10,35,-0.432441951699215
11,35,-0.432032436427606
12,35,-0.40887214177914
13,35,1.05715243211446
14,35,0.0380069067886246
15,35,-0.0938682278318596
16,35,-0.32558984277412
17,35,-0.0350130434601676
18,35,-0.211816737237891
19,35,-0.403534648387184
20,35,1.03447478259239
21,35,0.0501650930714846
22,35,1.73794314742897
23,35,-0.0205285319365049
24,35,0.244415368136299
25,35,-0.42019798655603
26,35,-0.422028776634839
27,35,-0.351085964567715
28,35,-0.309596891937344
29,35,1.44880174617464
30,35,3.0017973093288
31,35,1.37114746335076
32,35,1.06350240150895
33,35,3.87941960535899
34,35,3.81238891144409
35,35,-0.249667358037691
36,35,0.234638636851268
37,35,0.135454319779139
38,35,-0.318014515483857
39,35,-0.0916108734366845
40,35,0.384880686189294
41,35,-0.34543230292634
42,35,-0.365364400049899
43,35,-0.31332069052799
44,35,-0.0435501238720075
45,35,-0.432278103872192
46,35,-0.421971346162693
47,35,-0.426856353269706
48,35,-0.314023505424556
49,35,-0.168957864627515
50,35,-0.432454727488301
51,35,-0.432492917483843
52,35,-0.432179905086096
53,35,-0.428907705078017
54,35,-0.431383064268518
55,35,-0.427639218141657
56,35,-0.42666838563623
57,35,-0.429312473173101
58,35,-0.431636130113916
59,35,-0.430181718685795
60,35,-0.430390621034572
61,35,-0.324766973610739
62,35,-0.431664196185266
63,35,0.159490804503024
64,35,-0.423058073349744
65,35,-0.431139750638939
66,35,-0.431648984256648
67,35,-0.432042109650792
68,35,-0.431899246178473
69,35,-0.432026199746055
70,35,-0.432088031067139
71,35,-0.431563566575408
0,36,-0.432599353954582
1,36,-0.43258741785104
2,36,-0.432538145801674
3,36,-0.432599198518542
4,36,-0.432599241436474
5,36,-0.432598968259049
6,36,-0.432598710185602
7,36,-0.43259754530762
8,36,-0.43249493040355
9,36,-0.432543072221737
10,36,-0.43255054486125
11,36,-0.373085828493812
12,36,-0.268256283968111
13,36,0.10290484839558
14,36,0.185742363144992
15,36,0.157567184099655
16,36,-0.313168329974412
17,36,0.854076189674425
18,36,0.918899528974665
19,36,-0.365862244861222
20,36,2.30085479001069
21,36,0.307734629696307
22,36,0.82502814097771
23,36,0.923589462384172
24,36,-0.138303932035801
25,36,-0.416344123205376
26,36,-0.422976492110316
27,36,-0.39726750229545
28,36,-0.241173476972472
29,36,0.537872780017617
30,36,-0.0742698420885595
31,36,1.28318093559324
32,36,1.29630801128495
33,36,1.65685031093747
34,36,0.860571833764357
35,36,0.142646687547601
36,36,-0.228197649927255
37,36,-0.393015978422691
38,36,-0.38461637621137
39,36,-0.327292394911974
40,36,-0.427998207142224
41,36,-0.323625072917324
42,36,-0.409411447460473
43,36,-0.42494756845543
44,36,0.312113579374052
45,36,-0.388527075314015
46,36,-0.390030458166413
47,36,-0.423878044779751
48,36,-0.382865234988916
49,36,-0.401775650349332
50,36,-0.43252430259246
51,36,-0.432433691956505
52,36,-0.432057633195694
53,36,-0.414809709811824
54,36,-0.347827838351562
55,36,-0.423739795129851
56,36,-0.4250457796879
57,36,-0.415123214837762
58,36,-0.265214640724132
59,36,-0.432181096597478
60,36,-0.428814259303114
61,36,-0.432459234219292
62,36,-0.428773322463127
63,36,0.125512812836097
64,36,-0.432337959809693
65,36,-0.0304613522742197
66,36,0.0272414016265915
67,36,-0.431938530410325
68,36,-0.399244736040684
69,36,-0.418920887812653
70,36,-0.414714629504565
71,36,-0.371089037394842
0,37,-0.432599354215746
1,37,-0.432598983624192
2,37,-0.432599213013137
3,37,-0.432599293625724
4,37,-0.432599216756486
5,37,-0.432599077251443
6,37,-0.432598826838804
7,37,-0.432598450196955
8,37,-0.432598295326773
9,37,-0.431340439161574
10,37,-0.43209295339337
11,37,-0.432499963073424
12,37,-0.417952738279774
13,37,-0.276193633415131
14,37,0.0228845316599259
15,37,0.0658568649036396
16,37,-0.36909944303016
17,37,0.333153626460646
18,37,-0.42668897154385
19,37,-0.427872730045301
20,37,2.15740858172789
21,37,0.470926019493924
22,37,1.22313572798057
23,37,4.04076433567699
24,37,-0.39358474828698
25,37,-0.412985282513503
26,37,-0.426558669799314
27,37,-0.416923069616574
28,37,-0.411287665433267
29,37,-0.196730859528855
30,37,0.565509421068809
31,37,2.127316190987
32,37,2.0337152047682
33,37,0.474821462992271
34,37,0.271841278418165
35,37,-0.156915518965853
36,37,0.0981552207842869
37,37,0.168582288572297
38,37,0.291841928008939
39,37,-0.362425543865412
40,37,-0.346946681116196
41,37,-0.432533044270074
42,37,-0.430829298019014
43,37,-0.431431493742142
44,37,-0.132660872439458
45,37,0.29600329406294
46,37,-0.42734810297113
47,37,-0.427433289628763
48,37,-0.425460459793995
49,37,-0.426751804159933
50,37,-0.427167609108738
51,37,-0.432344494257956
52,37,-0.328352003944424
53,37,-0.420333436607321
54,37,-0.357724448284256
55,37,-0.430665126357056
56,37,-0.429483513585672
57,37,-0.421257059792731
58,37,0.155338460638011
59,37,-0.423959832728145
60,37,-0.431316417167413
61,37,-0.41381320198239
62,37,-0.350875317474364
63,37,-0.261841895235173
64,37,-0.0603240648428411
65,37,-0.240894532349061
66,37,-0.228146802770711
67,37,-0.346018522908107
68,37,-0.358239436708167
69,37,-0.0226333580285433
70,37,-0.299716220498429
71,37,-0.371240668041342
0,38,-0.432599354215746
1,38,-0.432599105239506
2,38,-0.43259931216836
3,38,-0.432599306118063
4,38,-0.432599288228337
5,38,-0.432599197038613
6,38,-0.432599068937727
7,38,-0.43259820331003
8,38,-0.431929295870343
9,38,-0.429993301470043
10,38,-0.432594479504765
11,38,-0.432288896389059
12,38,-0.28732564098477
13,38,-0.0313055555687304
14,38,-0.270629650049488
15,38,-0.371782480856595
16,38,-0.426605061451837
17,38,-0.39607081055394
18,38,-0.315632342397293
19,38,0.318729027567876
20,38,0.313503376364669
21,38,-0.0328819224912345
22,38,1.10505037473243
23,38,1.58224407819222
24,38,-0.399355939401453
25,38,-0.430455795570382
26,38,-0.430359656054275
27,38,-0.353419792096308
28,38,-0.391747769815795
29,38,-0.0596393278749857
30,38,1.62848957710215
31,38,2.96844919027748
32,38,1.59034987494554
33,38,2.47552038412948
34,38,1.78691485722727
35,38,1.5386750654965
36,38,2.22712817164026
37,38,0.89378186992742
38,38,1.55372785351087
39,38,-0.111569651322569
40,38,-0.411819271034203
41,38,-0.429361443444301
42,38,-0.42953457080463
43,38,-0.406927658381365
44,38,-0.426503445829639
45,38,-0.380734216478581
46,38,-0.385977605757251
47,38,-0.423869781766983
48,38,-0.427426944178009
49,38,-0.42700621407254
50,38,0.376175812343108
51,38,-0.385909563024131
52,38,-0.374044396041301
53,38,-0.432226898301148
54,38,-0.317068943988112
55,38,-0.430509216984427
56,38,-0.431287861698063
57,38,-0.425790403818445
58,38,-0.280518421001797
59,38,-0.429537507393627
60,38,-0.431627551040098
61,38,-0.430708575224445
62,38,-0.429168129633799
63,38,-0.380727865915942
64,38,-0.41100600569465
65,38,-0.342501894168949
66,38,-0.372892250661012
67,38,-0.421690195033239
68,38,-0.247317135763042
69,38,0.0358056241731254
70,38,0.46777201178275
71,38,2.09049792512275
0,39,-0.432599354215746
1,39,-0.432599158212248
2,39,-0.432599264636533
3,39,-0.432417471634925
4,39,-0.432599191554173
5,39,-0.432599309469667
6,39,-0.432599250011354
7,39,-0.432597672842668
8,39,-0.432210803685548
9,39,-0.432446426873913
10,39,-0.432591081719074
11,39,-0.395247605509309
12,39,-0.426890994212537
13,39,0.233306708704085
14,39,-0.284132034206283
15,39,0.47298748784955
16,39,0.249632444193144
17,39,0.280219496328776
18,39,0.278119997487515
19,39,0.641185924335599
20,39,-0.416702691848466
21,39,-0.36433782234448
22,39,0.00614995622678961
23,39,0.423787028666065
24,39,-0.42964881231619
25,39,-0.43094195300147
26,39,-0.431786497686906
27,39,-0.342190179126536
28,39,-0.374711728746519
29,39,0.388230322861421
30,39,1.33864552387243
31,39,0.594985194323655
32,39,0.671962418474037
33,39,1.67620625649376
34,39,3.5122851243669
35,39,-0.121089038430305
36,39,0.595773858164475
37,39,2.21701749710658
38,39,4.04111406143036
39,39,-0.227946999864241
40,39,-0.335326731280439
41,39,-0.409031381336986
42,39,-0.415813896173761
43,39,-0.42237695063882
44,39,-0.424929843276157
45,39,-0.403147171516572
46,39,-0.423045367918779
47,39,-0.415632385696914
48,39,-0.419553644843421
49,39,-0.416709820097684
50,39,-0.404737392032351
51,39,-0.432414438040919
52,39,-0.432192315064876
53,39,-0.428862514308611
54,39,-0.429048154319664
55,39,-0.428635090282887
56,39,-0.432072417941858
57,39,-0.431019041539648
58,39,-0.430861079993265
59,39,-0.431229979898072
60,39,-0.429220368830903
61,39,-0.431437144718725
62,39,-0.177080576907019
63,39,-0.427382336724688
64,39,-0.425859842825703
65,39,-0.344142008132523
66,39,-0.425009654127102
67,39,-0.346865773225967
68,39,-0.0848388991901669
69,39,-0.0198922323331088
70,39,-0.164555709071319
71,39,0.610701881938305
0,40,-0.432599354215746
1,40,-0.43259926111082
2,40,-0.432598475138143
3,40,-0.432599050003346
4,40,-0.432590302275539
5,40,-0.432576537806933
6,40,-0.432599295584453
7,40,-0.432599177930121
8,40,-0.432548796848657
9,40,-0.430962127476892
10,40,-0.432550196424161
11,40,-0.432594287679895
12,40,-0.432583217117184
13,40,-0.426461286959271
14,40,-0.0610327974823478
15,40,0.0564987292519582
16,40,-0.122408250441843
17,40,-0.350514638429281
18,40,-0.332698954315566
19,40,-0.309520273089763
20,40,-0.418816550904646
21,40,-0.255961858768079
22,40,-0.222624513917486
23,40,-0.390662416091981
24,40,-0.431079763714507
25,40,-0.428036064901925
26,40,-0.431271891525269
27,40,-0.194343293266447
28,40,-0.368726694113329
29,40,0.254745449963619
30,40,-0.391211487196958
31,40,0.242409952393771
32,40,0.108072594425875
33,40,0.211074933971923
34,40,1.74491489483627
35,40,-0.272578468626595
36,40,1.57101518769361
37,40,1.27293942218173
38,40,0.749793639073034
39,40,-0.20011788635931
40,40,-0.355897762639187
41,40,-0.198924348618619
42,40,-0.422300576893466
43,40,-0.399457073394898
44,40,-0.394929878250103
45,40,-0.409839269284432
46,40,-0.345521124724364
47,40,-0.410875065978455
48,40,-0.374258854676998
49,40,-0.416736908781289
50,40,-0.430007515177452
51,40,-0.431630589388705
52,40,-0.428328903585159
53,40,-0.42745769729895
54,40,-0.369652958299245
55,40,-0.428581350394426
56,40,-0.429598051217652
57,40,-0.416290590748072
58,40,-0.432257879214497
59,40,-0.432312194511818
60,40,-0.432175312946837
61,40,-0.432067635512926
62,40,-0.371920159798968
63,40,-0.425669982575967
64,40,-0.321809512760797
65,40,-0.359377338420728
66,40,-0.223702440235818
67,40,0.811276124314276
68,40,-0.339894037323831
69,40,-0.412742388845639
70,40,-0.364919487871269
71,40,-0.202453194224286
0,41,-0.432599354215746
1,41,-0.432599297673765
2,41,-0.432599354215746
3,41,-0.432599354128691
4,41,-0.432599345510283
5,41,-0.432552049775014
6,41,-0.432537683628789
7,41,-0.43251656295728
8,41,-0.432599238128397
9,41,-0.43252209832586
10,41,-0.430937370866731
11,41,-0.432580410562696
12,41,-0.432560474182454
13,41,-0.432351476388933
14,41,-0.429491033336442
15,41,-0.369759120134624
16,41,-0.287692460330446
17,41,-0.324041072281288
18,41,-0.393212970548666
19,41,-0.32135359128642
20,41,0.79356464834375
21,41,-0.38265168957455
22,41,0.329446906911596
23,41,-0.409153185586057
24,41,-0.36241351196961
25,41,-0.221155287861579
26,41,-0.431264791586489
27,41,-0.43235067979813
28,41,-0.403236420004079
29,41,-0.108089536794866
30,41,0.0670695258186258
31,41,-0.0909914080110396
32,41,0.645066220596942
33,41,-0.381687412755919
34,41,-0.240802970660369
35,41,3.67460398435558
36,41,2.76084940695569
37,41,1.11082735050063
38,41,0.16990818272998
39,41,-0.36514012790421
40,41,-0.364029616556213
41,41,-0.359190532647602
42,41,0.520185857301182
43,41,-0.353963269193116
44,41,0.151463605229556
45,41,1.25748173093619
46,41,-0.316079673114277
47,41,-0.409805063907915
48,41,-0.364108273175436
49,41,-0.420988323459593
50,41,-0.428164549248341
51,41,-0.428326914883731
52,41,-0.427848676457374
53,41,-0.43144995384232
54,41,-0.430573509311287
55,41,-0.430370607553283
56,41,-0.430717194848606
57,41,-0.430197599384521
58,41,-0.432134211409896
59,41,-0.431818003065157
60,41,-0.431049017347315
61,41,-0.425788050101186
62,41,-0.421038991970159
63,41,-0.345748348013588
64,41,0.99793673735323
65,41,0.309184715280504
66,41,-0.392814840679185
67,41,2.15499933974605
68,41,2.24914618593369
69,41,-0.160005251852784
70,41,-0.35040424113315
71,41,-0.242365962114154
0,42,-0.432599353736945
1,42,-0.432599264505951
2,42,-0.432599354215746
3,42,-0.432599354172218
4,42,-0.432599354172218
5,42,-0.432577423326536
6,42,-0.432179838159942
7,42,-0.432525486230007
8,42,-0.432594802564537
9,42,-0.431948802590567
10,42,-0.432574289447236
11,42,-0.432459674369553
12,42,-0.432598659476279
13,42,-0.432551161818109
14,42,-0.432562959287327
15,42,-0.428387048934535
16,42,-0.358795914107188
17,42,-0.396175487593624
18,42,-0.315869438856124
19,42,0.0843297024664852
20,42,0.0108847549004436
21,42,0.0978172243872768
22,42,-0.13690791326406
23,42,-0.108692543723165
24,42,-0.143711423289494
25,42,0.440935580556195
26,42,-0.230554240529638
27,42,-0.430214332290311
28,42,-0.406859172260697
29,42,-0.40190242237236
30,42,0.273987636793029
31,42,2.46850426737549
32,42,3.500995299094
33,42,-0.196325978622641
34,42,-0.423042219279372
35,42,0.354598360950429
36,42,-0.0336309999909714
37,42,0.0636644387750194
38,42,1.19851612437671
39,42,1.8130323291174
40,42,-0.353254334678379
41,42,-0.386743044964785
42,42,0.605008812527031
43,42,1.24570449284405
44,42,2.38470428548027
45,42,1.24105838522124
46,42,-0.188629567653306
47,42,-0.393778796894186
48,42,-0.196099574347736
49,42,-0.303249052339018
50,42,-0.422469388888659
51,42,-0.273876714553163
52,42,-0.430141026604756
53,42,-0.427597754576163
54,42,-0.429136968330727
55,42,-0.431185970781433
56,42,-0.431893324247587
57,42,-0.428607078467208
58,42,-0.431248142636915
59,42,-0.418554318514447
60,42,-0.428810142636361
61,42,-0.138916126570651
62,42,-0.203055333362555
63,42,1.30490796075812
64,42,3.33626170035974
65,42,-0.186790030363829
66,42,-0.404021536752015
67,42,-0.0447027122705954
68,42,0.152193903082912
69,42,-0.198292760045505
70,42,0.0480025914570638
71,42,0.210087508399254
0,43,-0.432599354085164
1,43,-0.432599196559813
2,43,-0.432599350602978
3,43,-0.432599352909926
4,43,-0.432599353780472
5,43,-0.432599351299415
6,43,-0.43259933728362
7,43,-0.432537023361767
8,43,-0.432322763212203
9,43,-0.430152241074749
10,43,-0.431886041133158
11,43,-0.431759890136568
12,43,-0.432598256892155
13,43,-0.432267685747466
14,43,-0.432529428455862
15,43,-0.301417310453274
16,43,-0.300706933311715
17,43,-0.351847025546163
18,43,-0.181937507988627
19,43,-0.0442328993243625
20,43,0.36555728723465
21,43,0.751871597117737
22,43,0.871704276808246
23,43,1.22457933947332
24,43,1.24964628983336
25,43,1.08410620719032
26,43,-0.266543003468186
27,43,-0.428786647580984
28,43,-0.431587503114835
29,43,-0.432143649657249
30,43,-0.362696776874045
31,43,0.312575558175693
32,43,2.34003286594845
33,43,0.150647495338031
34,43,-0.289297558286601
35,43,-0.337865946777357
36,43,-0.134340918817847
37,43,-0.255139572564961
38,43,1.28192462316208
39,43,0.0915435406332714
40,43,-0.428207968268701
41,43,-0.043571276610464
42,43,1.03293449715319
43,43,1.01761504705997
44,43,0.0517662378742401
45,43,-0.431109436945077
46,43,-0.342305213473088
47,43,-0.322732566890073
48,43,-0.419259693897294
49,43,-0.413393500437314
50,43,-0.14834314647405
51,43,1.06939004283139
52,43,-0.259190462420891
53,43,-0.361775097818971
54,43,-0.430164840568581
55,43,-0.432053581543324
56,43,-0.431869780189524
57,43,-0.430197270390201
58,43,-0.425801081440389
59,43,-0.431238045002339
60,43,-0.340693877349041
61,43,-0.0898616447570103
62,43,-0.264352157079828
63,43,0.283593526615067
64,43,0.699345656165334
65,43,0.613333931719448
66,43,-0.379595390836245
67,43,-0.403890186740849
68,43,-0.299020146651473
69,43,-0.299625903398778
70,43,1.0249856128828
71,43,-0.432563868267983
0,44,-0.43259935364989
1,44,-0.43259910406427
2,44,-0.432599345118537
3,44,-0.432599348165449
4,44,-0.432599348644249
5,44,-0.43259934603261
6,44,-0.432599299676021
7,44,-0.432599349863014
8,44,-0.43259813471098
9,44,-0.4325814100804
10,44,-0.431816239791806
11,44,-0.431909731657372
12,44,-0.432594996043382
13,44,-0.432596337381131
14,44,-0.432590835876842
15,44,-0.431728539919513
16,44,-0.430380797526509
17,44,-0.425746534347992
18,44,0.512571745122489
19,44,-0.108619772152669
20,44,0.101606709438886
21,44,-0.00635149307425519
22,44,0.168393136899371
23,44,1.98043676753242
24,44,0.184039456131701
25,44,1.6045249295365
26,44,0.444366155777828
27,44,-0.325818776494903
28,44,-0.428075357761573
29,44,-0.430020769400416
30,44,-0.43231263143822
31,44,-0.28431179632401
32,44,-0.244636629834672
33,44,-0.317763479960087
34,44,-0.392486736079078
35,44,-0.256324690235796
36,44,-0.313846403938471
37,44,-0.302185964149457
38,44,-0.0466527633712725
39,44,-0.325015387896727
40,44,-0.325411467525704
41,44,0.512699588761014
42,44,1.55607554078476
43,44,1.02625466393623
44,44,2.01706988236275
45,44,1.36360015013295
46,44,0.637580793461609
47,44,-0.119064954153745
48,44,-0.427644272163294
49,44,-0.403543552950322
50,44,1.43817383022432
51,44,2.50554059265688
52,44,1.70398346573326
53,44,-0.392414191908737
54,44,-0.4157658226241
55,44,-0.430951661136059
56,44,-0.432208972579822
57,44,-0.431528871132885
58,44,-0.424323682082587
59,44,-0.406560644265929
60,44,0.223520711923026
61,44,-0.256951037517314
62,44,-0.344674573416888
63,44,0.81014475596088
64,44,0.137214754687984
65,44,-0.0604936524025043
66,44,-0.427919321488699
67,44,-0.348443684312855
68,44,-0.406312955803834
69,44,-0.347567687483639
70,44,-0.428731179051273
71,44,-0.432598419814886
0,45,-0.43259935364989
1,45,-0.432599027325616
2,45,-0.432599339547041
3,45,-0.432599344117409
4,45,-0.432599340635224
5,45,-0.432599346076138
6,45,-0.432599349775959
7,45,-0.432599353301672
8,45,-0.432599352561708
9,45,-0.432599293886888
10,45,-0.431007647085202
11,45,-0.432213965513086
12,45,-0.432599142368307
13,45,-0.432448580736379
14,45,-0.432591437250203
15,45,-0.432501427681936
16,45,-0.432498703963295
17,45,-0.431250384298334
18,45,0.940499719203025
19,45,-0.416241260998268
20,45,0.382357190195131
21,45,0.221638946514645
22,45,-0.199617343777245
23,45,1.79601847851106
24,45,2.64674365443234
25,45,1.92337038807089
26,45,0.751291285210866
27,45,-0.428473533024179
28,45,-0.43251424604184
29,45,-0.413390731974317
30,45,-0.412882171269115
31,45,-0.430842748855539
32,45,-0.429497621088592
33,45,-0.340565516401749
34,45,-0.414938026347626
35,45,-0.42440759972246
36,45,-0.362023590880019
37,45,-0.420554402549486
38,45,-0.404116167166941
39,45,-0.401896100519354
40,45,-0.388954223108267
41,45,0.977867354555855
42,45,1.7637794562068
43,45,1.04074223912031
44,45,1.56171852425774
45,45,0.767253882300405
46,45,1.73641958647055
47,45,3.99873461596418
48,45,-0.104470294369854
49,45,-0.166255233495298
50,45,0.663127689630736
51,45,2.89232862862353
52,45,3.81680463518392
53,45,-0.163582375297931
54,45,-0.389876639427603
55,45,-0.430879012291809
56,45,-0.432058236449401
57,45,-0.431926023200037
58,45,-0.426155947399054
59,45,-0.370893602117173
60,45,0.0599297449570848
61,45,0.338892864174465
62,45,0.0664480330238778
63,45,-0.404272233423637
64,45,-0.424164117240261
65,45,-0.42811224938809
66,45,-0.413140918332884
67,45,-0.185300303712531
68,45,-0.419738784537352
69,45,-0.376822166930154
70,45,-0.384216965874006
71,45,-0.432598866666297
0,46,-0.43259935364989
1,46,-0.43259897591986
2,46,-0.432599310644904
3,46,-0.432599337109511
4,46,-0.432599335411946
5,46,-0.432599339895259
6,46,-0.432599332626197
7,46,-0.432599348905413
8,46,-0.432598957029003
9,46,-0.432596808259606
10,46,-0.432588701689179
11,46,-0.432598078343104
12,46,-0.432599331929761
13,46,-0.432598747749676
14,46,-0.432597040826046
15,46,-0.432566828081985
16,46,-0.432532219209504
17,46,-0.432343300130762
18,46,0.423987784008739
19,46,-0.4063115540581
20,46,-0.100174506793026
21,46,1.46552826413752
22,46,2.77832100942031
23,46,1.24563432799995
24,46,2.18824441781324
25,46,-0.423304331753213
26,46,-0.427952865853237
27,46,-0.431226111964718
28,46,-0.431154470464923
29,46,-0.431522946957462
30,46,-0.432593329426146
31,46,-0.43226175039892
32,46,-0.432317778716835
33,46,-0.431746135781975
34,46,-0.427249959424556
35,46,-0.428232867025883
36,46,-0.411814893376174
37,46,-0.409599155279965
38,46,-0.391922893245633
39,46,-0.0963683798360742
40,46,-0.241290654110438
41,46,-0.117701373031258
42,46,2.82625725361811
43,46,1.78763663235813
44,46,2.97498321993838
45,46,3.56259194313848
46,46,0.744362517233915
47,46,2.16746539952894
48,46,2.68680156823168
49,46,0.0164228422109276
50,46,-0.0483875330885528
51,46,-0.291780728942415
52,46,1.74310221116809
53,46,-0.384761137786346
54,46,-0.396487548206915
55,46,-0.295612468190755
56,46,-0.429389789332886
57,46,-0.42576812948538
58,46,-0.297764541323273
59,46,-0.135710056928322
60,46,-0.286303147624627
61,46,0.0463823128833215
62,46,-0.173472490573211
63,46,0.763862418310035
64,46,-0.42465353369292
65,46,-0.422339594469649
66,46,-0.184777252180153
67,46,0.0695239627542409
68,46,-0.382771634019769
69,46,-0.0655937175181214
70,46,-0.424336956129538
71,46,-0.432598601976705
0,47,-0.432599350690033
1,47,-0.432593834168805
2,47,-0.43259721228013
3,47,-0.432599329361649
4,47,-0.432599313909453
5,47,-0.432599334759036
6,47,-0.432599340939915
7,47,-0.432598858352593
8,47,-0.432542389104581
9,47,-0.431987736279714
10,47,-0.431143218622055
11,47,-0.432597059151042
12,47,-0.432599103454891
13,47,-0.432598766466423
14,47,-0.432595590104211
15,47,-0.432408003311832
16,47,-0.432226630044575
17,47,-0.432493206982245
18,47,-0.426967841798478
19,47,-0.29774133312862
20,47,0.708101862245683
21,47,1.70302204481278
22,47,2.52921720805858
23,47,1.43968635823625
24,47,0.638723986752947
25,47,0.369618119755661
26,47,-0.432298129311284
27,47,-0.430430085325495
28,47,-0.431558012639696
29,47,-0.432595794682551
30,47,-0.432592753690348
31,47,-0.432588154768461
32,47,-0.432205779156103
33,47,-0.431232909337142
34,47,-0.426710965248395
35,47,-0.422474248749343
36,47,-0.128041712523638
37,47,-0.123817573691484
38,47,-0.277619793511407
39,47,1.23782502703464
40,47,-0.110329770232107
41,47,-0.412029544487823
42,47,0.599382642239011
43,47,2.35569980008993
44,47,3.44394169037085
45,47,2.80623369639996
46,47,2.4403925285607
47,47,4.98758631438629
48,47,1.93365887171553
49,47,-0.324134710078295
50,47,1.61981679829812
51,47,-0.359675206914638
52,47,-0.415357812944098
53,47,-0.389031058706928
54,47,0.0207751179470742
55,47,-0.111914095198648
56,47,0.0411221523516555
57,47,-0.0555127053350125
58,47,0.0794457222631406
59,47,-0.198113546809549
60,47,-0.227291451992871
61,47,-0.338179027800535
62,47,0.482930922815663
63,47,0.183399293926873
64,47,-0.427428197967999
65,47,-0.428036248598379
66,47,-0.377064895008763
67,47,0.194794087876595
68,47,-0.257461081511776
69,47,1.36778544490518
70,47,0.371271308849009
71,47,-0.412045284694492
0,48,-0.432137575676169
1,48,-0.431719059058921
2,48,-0.432377564527915
3,48,-0.432598436224691
4,48,-0.432577702293206
5,48,-0.432599288968302
6,48,-0.432599309121448
7,48,-0.432587922027957
8,48,-0.432599240130655
9,48,-0.432585808080322
10,48,-0.428201536458102
11,48,-0.431000323933314
12,48,-0.432382749810323
13,48,-0.432569148349192
14,48,-0.43259875601987
15,48,-0.432597726685948
16,48,-0.432569301260418
17,48,-0.432571787453318
18,48,-0.432579363426352
19,48,-0.43158849201118
20,48,-0.404989485077363
21,48,0.2000706458757
22,48,2.12104962226378
23,48,2.82770774964865
24,48,0.015397519300565
25,48,-0.42587563820632
26,48,-0.432382822847914
27,48,-0.432496603505919
28,48,-0.431960989916126
29,48,-0.432587704434723
30,48,-0.432597886692356
31,48,-0.432482315797047
32,48,-0.432131374081842
33,48,-0.431701414209048
34,48,-0.429974698859295
35,48,-0.407599973549349
36,48,-0.312739563038927
37,48,-0.402455848202086
38,48,-0.356536603869024
39,48,0.645231374672168
40,48,3.38568024866932
41,48,4.7954245428215
42,48,2.30469010183339
43,48,3.56177738320299
44,48,1.4990066596084
45,48,4.44555943169489
46,48,2.02698003894935
47,48,2.74427880177349
48,48,-0.168640859211944
49,48,-0.249769080755104
50,48,-0.130735992029135
51,48,-0.330018963647959
52,48,-0.312901862627593
53,48,-0.354550796845776
54,48,-0.103442513490319
55,48,-0.163516187822365
56,48,0.312612365787682
57,48,-0.324698842518987
58,48,-0.375574662999771
59,48,-0.35481749035345
60,48,-0.396903754595905
61,48,-0.305005978950567
62,48,-0.024697378199004
63,48,-0.192865535292621
64,48,-0.425889290300147
65,48,-0.377066113003758
66,48,-0.412762963484437
67,48,-0.156747436044087
68,48,-0.207986669736456
69,48,0.206289905500707
70,48,-0.0221816633943733
71,48,-0.116670052054174
0,49,-0.432594895669422
1,49,-0.432498468695634
2,49,-0.351572328018768
3,49,-0.407648627463175
4,49,-0.432219964808886
5,49,-0.432598924601153
6,49,-0.432561601060689
7,49,-0.432592287251602
8,49,-0.432599331886233
9,49,-0.432595896884675
10,49,-0.430679352843439
11,49,-0.432519378651802
12,49,-0.431792101035795
13,49,-0.432597981146601
14,49,-0.432598614120816
15,49,-0.43259771297483
16,49,-0.432596282884931
17,49,-0.432419044625225
18,49,-0.432592993656374
19,49,-0.432215450661024
20,49,-0.431856330582978
21,49,-0.427791562641851
22,49,-0.207413278751821
23,49,-0.214254458436173
24,49,-0.381191535391183
25,49,-0.432539125384545
26,49,-0.432536995286513
27,49,-0.432588565013267
28,49,-0.432511925860435
29,49,-0.432042568691902
30,49,-0.432597668185231
31,49,-0.432592053422847
32,49,-0.432593255951978
33,49,-0.431202161670558
34,49,-0.432048454370815
35,49,-0.0413191682307237
36,49,0.643471178666927
37,49,-0.429624360276787
38,49,-0.175168823027849
39,49,2.18010714245546
40,49,3.20243353642492
41,49,2.3917195741229
42,49,1.99406104207922
43,49,2.26254061979052
44,49,2.86445213939788
45,49,2.42930252832574
46,49,1.59317001219129
47,49,0.546427299320882
48,49,1.14398769436988
49,49,0.0441117028970134
50,49,-0.407254466272783
51,49,0.198368896243677
52,49,0.253962491244526
53,49,-0.250869631036267
54,49,-0.271115775389618
55,49,-0.332591424204833
56,49,0.0987649998481568
57,49,-0.420967388511925
58,49,-0.241157038875683
59,49,0.402859947819546
60,49,-0.414311752322355
61,49,-0.426049575888912
62,49,-0.404926379873952
63,49,-0.381217109195882
64,49,-0.409634935798185
65,49,-0.320336838242408
66,49,-0.413713429751225
67,49,0.387364013282406
68,49,-0.227010583699759
69,49,-0.394125855857951
70,49,-0.361875253743655
71,49,-0.104294423395513
0,50,-0.432398426085409
1,50,-0.00105859767168532
2,50,-0.431787245200922
3,50,-0.314472959407014
4,50,-0.431132063047171
5,50,-0.432597947630581
6,50,-0.432599160693305
7,50,-0.432579324730475
8,50,-0.432598069202369
9,50,-0.432593626891731
10,50,-0.431491155015262
11,50,-0.432587066498371
12,50,-0.432599312864797
13,50,-0.432599324225426
14,50,-0.432589179836716
15,50,-0.432567150532353
16,50,-0.432597329455658
17,50,-0.432599103150198
18,50,-0.432598774997771
19,50,-0.432582111914705
20,50,-0.432433340822873
21,50,-0.430677962792005
22,50,-0.390561900758007
23,50,-0.405885479045984
24,50,-0.432536404448298
25,50,-0.432567550461034
26,50,-0.432540726535772
27,50,-0.432592315109076
28,50,-0.432594380349558
29,50,-0.432527053997765
30,50,-0.432522698001447
31,50,-0.43242641762518
32,50,-0.431675933186396
33,50,-0.432316874177163
34,50,-0.431108949972893
35,50,-0.400485622821578
36,50,-0.233048271013758
37,50,-0.41967333792783
38,50,-0.39518999784766
39,50,4.25225444580606
40,50,2.86813953744499
41,50,1.37475308554332
42,50,2.768530284624
43,50,3.6544512657832
44,50,2.68501111651635
45,50,3.68333824151228
46,50,2.07068284857355
47,50,1.41960883072387
48,50,1.40263476207688
49,50,0.740635181319358
50,50,-0.430227780968144
51,50,-0.309714590430935
52,50,-0.173968483973829
53,50,-0.419630291110566
54,50,-0.207799647051513
55,50,0.203690759829454
56,50,-0.215540151133803
57,50,-0.431605774497978
58,50,-0.431285464608606
59,50,-0.42778111245165
60,50,-0.429488462488447
61,50,-0.428583585961393
62,50,-0.422234311368266
63,50,-0.430759083610358
64,50,-0.414212211149415
65,50,-0.429707206093755
66,50,-0.430601938224661
67,50,-0.428986273182193
68,50,-0.432579793954859
69,50,-0.432591522128471
70,50,-0.43259207618762
71,50,-0.432597865407481
0,51,-0.432599341810461
1,51,-0.432599002645627
2,51,-0.43259786814971
3,51,-0.432597003349029
4,51,-0.423636525448057
5,51,-0.408182987225924
6,51,-0.432595846131885
7,51,-0.432580074488038
8,51,-0.432493875822542
9,51,-0.430122126543928
10,51,-0.432060841659217
11,51,-0.432578231672596
12,51,-0.432599256018125
13,51,-0.432561789708524
14,51,-0.432599159735707
15,51,-0.432598982927762
16,51,-0.432598254628748
17,51,-0.432484052057043
18,51,-0.432599302984097
19,51,-0.432588754792214
20,51,-0.431870954818148
21,51,-0.432414450446185
22,51,-0.429576300800902
23,51,-0.431322400903671
24,51,-0.431851994625037
25,51,-0.431461812561056
26,51,-0.432408910071059
27,51,-0.43259436202453
28,51,-0.432596764906415
29,51,-0.432595962349815
30,51,-0.432326583596795
31,51,-0.432191547897504
32,51,-0.432455047545849
33,51,-0.431666199770991
34,51,-0.432398988327524
35,51,-0.430628366779797
36,51,-0.426447184541764
37,51,-0.426522192462522
38,51,-0.415326861623441
39,51,-0.287134332662407
40,51,2.95657845241369
41,51,3.33599336228946
42,51,2.72879689303519
43,51,2.89070513176908
44,51,5.10085050403146
45,51,4.66903147146568
46,51,2.57305581545101
47,51,4.2533043884604
48,51,1.68358884622454
49,51,0.741137580081811
50,51,-0.429928867433393
51,51,-0.431206260355889
52,51,-0.41447147765298
53,51,-0.430455154950624
54,51,-0.425872534667386
55,51,-0.283353744702225
56,51,-0.426842709514562
57,51,-0.431393719212135
58,51,-0.431532848528677
59,51,-0.430410185078786
60,51,-0.432238615896021
61,51,-0.432573919899498
62,51,-0.432596420735907
63,51,-0.43259833354375
64,51,-0.432598168444654
65,51,-0.432598092794184
66,51,-0.432598381423792
67,51,-0.43259885191054
68,51,-0.432598633316367
69,51,-0.432598306643881
70,51,-0.432599154817117
71,51,-0.432599268858682
0,52,-0.432599354128691
1,52,-0.432599067980126
2,52,-0.432598642282992
3,52,-0.432581985424112
4,52,-0.428955957598261
5,52,-0.402188783416977
6,52,-0.432596318490269
7,52,-0.432598027590264
8,52,-0.432580021428554
9,52,-0.382824554647513
10,52,-0.4324866875521
11,52,-0.43259288518622
12,52,-0.432451808069579
13,52,-0.432594577180155
14,52,-0.43259930276646
15,52,-0.432599200738436
16,52,-0.432599313561234
17,52,-0.432599316172873
18,52,-0.43259880938434
19,52,-0.432599084825199
20,52,-0.43250157006067
21,52,-0.432589074239427
22,52,-0.432398632012056
23,52,-0.388280108383104
24,52,-0.431721313031022
25,52,-0.432593782327766
26,52,-0.432595599506066
27,52,-0.432542303052347
28,52,-0.431721197178086
29,52,-0.432487621513826
30,52,-0.432589904131063
31,52,-0.431463600286773
32,52,-0.431936911636907
33,52,-0.432543948558064
34,52,-0.432464663860632
35,52,-0.430780707135233
36,52,-0.370964320292776
37,52,-0.42908477197955
38,52,-0.425390445621334
39,52,-0.356859311300457
40,52,-0.289460173626314
41,52,-0.349575197893912
42,52,-0.33427911317441
43,52,0.147363981189335
44,52,-0.431318749456732
45,52,-0.429399370802657
46,52,-0.432085146443514
47,52,-0.42274405469325
48,52,-0.140609624626519
49,52,-0.324550126254372
50,52,-0.427702690390229
51,52,-0.428228538879201
52,52,-0.429973622023593
53,52,-0.432365593775786
54,52,-0.432598191165916
55,52,-0.432596760727778
56,52,-0.432598579690714
57,52,-0.432599002253881
58,52,-0.432599301504168
59,52,-0.432599341331661
60,52,-0.432599351342943
61,52,-0.432599353736945
62,52,-0.432599353258145
63,52,-0.432599352605235
64,52,-0.432599350298287
65,52,-0.432599348644249
66,52,-0.432599332016815
67,52,-0.432599307162719
68,52,-0.432599281394548
69,52,-0.432599134576917
70,52,-0.432599294800961
71,52,-0.432599322397279
