"Var1","Freq","prop","sample"
"B",338,0.00338165701193585,"TCGA-3C-AALK"
"DC_Mast",843,0.00843413272503527,"TCGA-3C-AALK"
"Macrophage",9466,0.0947064061390081,"TCGA-3C-AALK"
"Malignant",28835,0.288491360766776,"TCGA-3C-AALK"
"Myoepi",7121,0.0712449100059029,"TCGA-3C-AALK"
"Plasma",112,0.00112054906904383,"TCGA-3C-AALK"
"Stromal",47339,0.47362207481666,"TCGA-3C-AALK"
"T",5889,0.0589188702464207,"TCGA-3C-AALK"
"unassigned",8,8.00392192174165e-05,"TCGA-3C-AALK"
"B",121,0.00121052052382524,"TCGA-A1-A0SM"
"DC_Mast",611,0.006112628430225,"TCGA-A1-A0SM"
"Macrophage",4495,0.0449693368148304,"TCGA-A1-A0SM"
"Malignant",44262,0.442810408475645,"TCGA-A1-A0SM"
"Myoepi",14553,0.145592604820073,"TCGA-A1-A0SM"
"Plasma",517,0.00517222405634423,"TCGA-A1-A0SM"
"Stromal",30764,0.307772342107106,"TCGA-A1-A0SM"
"T",4607,0.0460898186220075,"TCGA-A1-A0SM"
"unassigned",27,0.000270116149944476,"TCGA-A1-A0SM"
"B",493,0.00493202212907292,"TCGA-A1-A0SN"
"DC_Mast",1014,0.0101441591052331,"TCGA-A1-A0SN"
"Macrophage",9614,0.0961794335677628,"TCGA-A1-A0SN"
"Malignant",46222,0.462409587931052,"TCGA-A1-A0SN"
"Myoepi",6633,0.0663572064546464,"TCGA-A1-A0SN"
"Plasma",59,0.00059024199921968,"TCGA-A1-A0SN"
"Stromal",23400,0.234095979351534,"TCGA-A1-A0SN"
"T",12364,0.123690713192409,"TCGA-A1-A0SN"
"unassigned",160,0.00160065626907032,"TCGA-A1-A0SN"
"B",1063,0.0106342537014806,"TCGA-A2-A04X"
"DC_Mast",1250,0.0125050020008003,"TCGA-A2-A04X"
"Macrophage",3971,0.0397258903561425,"TCGA-A2-A04X"
"Malignant",46847,0.468657462985194,"TCGA-A2-A04X"
"Myoepi",15112,0.151180472188876,"TCGA-A2-A04X"
"Plasma",98,0.000980392156862745,"TCGA-A2-A04X"
"Stromal",19445,0.19452781112445,"TCGA-A2-A04X"
"T",12066,0.120708283313325,"TCGA-A2-A04X"
"unassigned",108,0.00108043217286915,"TCGA-A2-A04X"
"B",308,0.00308129414354029,"TCGA-A2-A0CX"
"DC_Mast",1597,0.0159767102182917,"TCGA-A2-A0CX"
"Macrophage",7295,0.072980651873787,"TCGA-A2-A0CX"
"Malignant",43188,0.432061465815643,"TCGA-A2-A0CX"
"Myoepi",7058,0.0706096560555433,"TCGA-A2-A0CX"
"Plasma",184,0.00184077312471238,"TCGA-A2-A0CX"
"Stromal",30228,0.302407010944597,"TCGA-A2-A0CX"
"T",10031,0.100352147902119,"TCGA-A2-A0CX"
"unassigned",69,0.000690289921767142,"TCGA-A2-A0CX"
"B",1129,0.0112942918308957,"TCGA-A2-A0EQ"
"DC_Mast",4513,0.0451471559192493,"TCGA-A2-A0EQ"
"Macrophage",8471,0.084742202036774,"TCGA-A2-A0EQ"
"Malignant",18348,0.183549748904584,"TCGA-A2-A0EQ"
"Myoepi",6647,0.0664952682019167,"TCGA-A2-A0EQ"
"Plasma",421,0.0042116004081551,"TCGA-A2-A0EQ"
"Stromal",37235,0.372491546787779,"TCGA-A2-A0EQ"
"T",23027,0.230357535863628,"TCGA-A2-A0EQ"
"unassigned",171,0.00171065004701787,"TCGA-A2-A0EQ"
"B",38,0.000380171076984643,"TCGA-A2-A0T1"
"DC_Mast",815,0.008153669151118,"TCGA-A2-A0T1"
"Macrophage",15845,0.15852133460057,"TCGA-A2-A0T1"
"Malignant",33050,0.33064879195638,"TCGA-A2-A0T1"
"Myoepi",8682,0.086859086588965,"TCGA-A2-A0T1"
"Plasma",78,0.00078035115802111,"TCGA-A2-A0T1"
"Stromal",35222,0.35237857035666,"TCGA-A2-A0T1"
"T",6184,0.0618678405282377,"TCGA-A2-A0T1"
"unassigned",41,0.000410184583062378,"TCGA-A2-A0T1"
"B",167,0.00167056799311766,"TCGA-A2-A0YG"
"DC_Mast",277,0.00277094212032091,"TCGA-A2-A0YG"
"Macrophage",7925,0.0792769541644159,"TCGA-A2-A0YG"
"Malignant",44867,0.448822599683893,"TCGA-A2-A0YG"
"Myoepi",12177,0.1218114158814,"TCGA-A2-A0YG"
"Plasma",403,0.00403137066602645,"TCGA-A2-A0YG"
"Stromal",28252,0.28261608947042,"TCGA-A2-A0YG"
"T",5861,0.0586299341776204,"TCGA-A2-A0YG"
"unassigned",37,0.000370125842786547,"TCGA-A2-A0YG"
"B",1785,0.0178578574572812,"TCGA-A2-A3XZ"
"DC_Mast",1693,0.0169374524790908,"TCGA-A2-A3XZ"
"Macrophage",7670,0.0767337628556565,"TCGA-A2-A3XZ"
"Malignant",38509,0.385259514186242,"TCGA-A2-A3XZ"
"Myoepi",9026,0.0902997318820281,"TCGA-A2-A3XZ"
"Plasma",65,0.000650286125895394,"TCGA-A2-A3XZ"
"Stromal",23593,0.236033854896154,"TCGA-A2-A3XZ"
"T",17531,0.175387170354956,"TCGA-A2-A3XZ"
"unassigned",84,0.000840369762695586,"TCGA-A2-A3XZ"
"B",419,0.00419176053942656,"TCGA-A7-A2KD"
"DC_Mast",596,0.00596250425178575,"TCGA-A7-A2KD"
"Macrophage",4882,0.0488405130154665,"TCGA-A7-A2KD"
"Malignant",63591,0.636177194421657,"TCGA-A7-A2KD"
"Myoepi",11222,0.112267152203926,"TCGA-A7-A2KD"
"Plasma",81,0.000810340342944036,"TCGA-A7-A2KD"
"Stromal",15554,0.155605354248784,"TCGA-A7-A2KD"
"T",3580,0.0358150423177735,"TCGA-A7-A2KD"
"unassigned",33,0.000330138658236459,"TCGA-A7-A2KD"
"B",845,0.01108661995854,"TCGA-A7-A4SF"
"DC_Mast",483,0.00633708572778084,"TCGA-A7-A4SF"
"Macrophage",4258,0.0558660683827967,"TCGA-A7-A4SF"
"Malignant",29160,0.382586790521924,"TCGA-A7-A4SF"
"Myoepi",11275,0.147930934949749,"TCGA-A7-A4SF"
"Plasma",26,0.000341126767955076,"TCGA-A7-A4SF"
"Stromal",21296,0.279409063475819,"TCGA-A7-A4SF"
"T",8830,0.115851898501666,"TCGA-A7-A4SF"
"unassigned",45,0.000590411713768401,"TCGA-A7-A4SF"
"B",69,0.000690269204989946,"TCGA-A8-A06T"
"DC_Mast",252,0.00252098318344154,"TCGA-A8-A06T"
"Macrophage",3386,0.0338732105521153,"TCGA-A8-A06T"
"Malignant",80978,0.810095937415592,"TCGA-A8-A06T"
"Myoepi",2963,0.0296415602084813,"TCGA-A8-A06T"
"Plasma",11,0.000110042916737528,"TCGA-A8-A06T"
"Stromal",11709,0.117135682916337,"TCGA-A8-A06T"
"T",584,0.00584227848861056,"TCGA-A8-A06T"
"unassigned",9,9.00351136943408e-05,"TCGA-A8-A06T"
"B",2,3.95796639686529e-05,"TCGA-A8-A076"
"DC_Mast",9,0.000178108487858938,"TCGA-A8-A076"
"Macrophage",4401,0.0870950505630207,"TCGA-A8-A076"
"Malignant",29324,0.580317033108389,"TCGA-A8-A076"
"Myoepi",665,0.0131602382695771,"TCGA-A8-A076"
"Stromal",16067,0.317963230492173,"TCGA-A8-A076"
"T",51,0.00100928143120065,"TCGA-A8-A076"
"unassigned",12,0.000237477983811917,"TCGA-A8-A076"
"B",2,3.35159955088566e-05,"TCGA-A8-A07B"
"DC_Mast",37,0.000620045916913847,"TCGA-A8-A07B"
"Macrophage",3059,0.0512627151307962,"TCGA-A8-A07B"
"Malignant",23151,0.38796440601277,"TCGA-A8-A07B"
"Myoepi",2899,0.0485814354900876,"TCGA-A8-A07B"
"Stromal",30446,0.510213999631324,"TCGA-A8-A07B"
"T",69,0.00115630184505555,"TCGA-A8-A07B"
"unassigned",10,0.000167579977544283,"TCGA-A8-A07B"
"B",103,0.0010303503191085,"TCGA-A8-A07I"
"DC_Mast",187,0.00187063601624552,"TCGA-A8-A07I"
"Macrophage",6026,0.0602804953684253,"TCGA-A8-A07I"
"Malignant",63433,0.634545745553488,"TCGA-A8-A07I"
"Myoepi",4873,0.0487465738351039,"TCGA-A8-A07I"
"Plasma",6,6.0020406938359e-05,"TCGA-A8-A07I"
"Stromal",24759,0.247674209231139,"TCGA-A8-A07I"
"T",382,0.00382129924174219,"TCGA-A8-A07I"
"unassigned",197,0.00197067002780946,"TCGA-A8-A07I"
"B",9,9.00441216195936e-05,"TCGA-A8-A07R"
"DC_Mast",46,0.000460225510500145,"TCGA-A8-A07R"
"Macrophage",3628,0.0362977859150984,"TCGA-A8-A07R"
"Malignant",86090,0.861322047803424,"TCGA-A8-A07R"
"Myoepi",619,0.0061930345869476,"TCGA-A8-A07R"
"Plasma",1,1.00049024021771e-05,"TCGA-A8-A07R"
"Stromal",9322,0.0932657001930946,"TCGA-A8-A07R"
"T",174,0.00174085301797881,"TCGA-A8-A07R"
"unassigned",62,0.000620303948934978,"TCGA-A8-A07R"
"B",448,0.00448058247572184,"TCGA-A8-A08B"
"DC_Mast",817,0.00817106223809095,"TCGA-A8-A08B"
"Macrophage",6123,0.0612379609349215,"TCGA-A8-A08B"
"Malignant",81472,0.814825927370558,"TCGA-A8-A08B"
"Myoepi",1924,0.0192425015251983,"TCGA-A8-A08B"
"Plasma",17,0.000170022102873374,"TCGA-A8-A08B"
"Stromal",6289,0.0628981767629792,"TCGA-A8-A08B"
"T",2872,0.0287237340854311,"TCGA-A8-A08B"
"unassigned",25,0.000250032504225549,"TCGA-A8-A08B"
"B",12,0.0001200216038887,"TCGA-A8-A08C"
"DC_Mast",108,0.0010801944349983,"TCGA-A8-A08C"
"Macrophage",1885,0.01885339361085,"TCGA-A8-A08C"
"Malignant",82223,0.822378028045048,"TCGA-A8-A08C"
"Myoepi",2002,0.0200236042487648,"TCGA-A8-A08C"
"Stromal",13558,0.135604408793583,"TCGA-A8-A08C"
"T",146,0.00146026284731252,"TCGA-A8-A08C"
"unassigned",48,0.0004800864155548,"TCGA-A8-A08C"
"B",129,0.00129051620648259,"TCGA-A8-A08G"
"DC_Mast",239,0.00239095638255302,"TCGA-A8-A08G"
"Macrophage",5615,0.056172468987595,"TCGA-A8-A08G"
"Malignant",74722,0.747519007603041,"TCGA-A8-A08G"
"Myoepi",2043,0.020438175270108,"TCGA-A8-A08G"
"Stromal",16240,0.162464985994398,"TCGA-A8-A08G"
"T",759,0.00759303721488595,"TCGA-A8-A08G"
"unassigned",213,0.00213085234093637,"TCGA-A8-A08G"
"B",1587,0.015877780112255,"TCGA-A8-A08P"
"DC_Mast",1553,0.015537613430581,"TCGA-A8-A08P"
"Macrophage",16544,0.165521105341617,"TCGA-A8-A08P"
"Malignant",48842,0.488659443127132,"TCGA-A8-A08P"
"Myoepi",2914,0.029154285599944,"TCGA-A8-A08P"
"Plasma",34,0.00034016668167402,"TCGA-A8-A08P"
"Stromal",22556,0.225670578583506,"TCGA-A8-A08P"
"T",5888,0.0589088653440186,"TCGA-A8-A08P"
"unassigned",33,0.000330161779271843,"TCGA-A8-A08P"
"B",110,0.00139654165502882,"TCGA-A8-A08S"
"DC_Mast",335,0.00425310413122413,"TCGA-A8-A08S"
"Macrophage",10451,0.132684153060965,"TCGA-A8-A08S"
"Malignant",35435,0.449876850417693,"TCGA-A8-A08S"
"Myoepi",1671,0.0212147373232105,"TCGA-A8-A08S"
"Plasma",12,0.000152349998730417,"TCGA-A8-A08S"
"Stromal",29744,0.377624863519793,"TCGA-A8-A08S"
"T",903,0.0114643374044639,"TCGA-A8-A08S"
"unassigned",105,0.00133306248889115,"TCGA-A8-A08S"
"B",10,0.000100049024021771,"TCGA-A8-A08T"
"DC_Mast",65,0.000650318656141509,"TCGA-A8-A08T"
"Macrophage",4652,0.0465428059749277,"TCGA-A8-A08T"
"Malignant",71597,0.716320997288671,"TCGA-A8-A08T"
"Myoepi",3032,0.0303348640834009,"TCGA-A8-A08T"
"Plasma",19,0.000190093145641364,"TCGA-A8-A08T"
"Stromal",20421,0.204310111954858,"TCGA-A8-A08T"
"T",132,0.00132064711708737,"TCGA-A8-A08T"
"unassigned",23,0.000230112755250073,"TCGA-A8-A08T"
"B",546,0.00546229416354869,"TCGA-A8-A08X"
"DC_Mast",1695,0.0169571219912363,"TCGA-A8-A08X"
"Macrophage",10410,0.104143740370956,"TCGA-A8-A08X"
"Malignant",60519,0.605444286600372,"TCGA-A8-A08X"
"Myoepi",5368,0.0537025550731307,"TCGA-A8-A08X"
"Plasma",55,0.000550231097060766,"TCGA-A8-A08X"
"Stromal",17622,0.176294043498269,"TCGA-A8-A08X"
"T",3637,0.0363852818183637,"TCGA-A8-A08X"
"unassigned",106,0.00106044538706257,"TCGA-A8-A08X"
"B",164,0.00164063984954132,"TCGA-A8-A099"
"DC_Mast",441,0.0044117205710227,"TCGA-A8-A099"
"Macrophage",9600,0.0960374546072968,"TCGA-A8-A099"
"Malignant",45028,0.450455677714309,"TCGA-A8-A099"
"Myoepi",5412,0.0541411150348636,"TCGA-A8-A099"
"Stromal",38443,0.384579986194616,"TCGA-A8-A099"
"T",848,0.00848330849031122,"TCGA-A8-A099"
"unassigned",25,0.000250097538039836,"TCGA-A8-A099"
"B",49,0.000577857446105948,"TCGA-A8-A09E"
"DC_Mast",418,0.00492947780555687,"TCGA-A8-A09E"
"Macrophage",3717,0.0438346148403227,"TCGA-A8-A09E"
"Malignant",69095,0.814837964054908,"TCGA-A8-A09E"
"Myoepi",2379,0.028055568658899,"TCGA-A8-A09E"
"Plasma",4,4.71720364168121e-05,"TCGA-A8-A09E"
"Stromal",8055,0.0949926883343554,"TCGA-A8-A09E"
"T",1030,0.0121467993773291,"TCGA-A8-A09E"
"unassigned",49,0.000577857446105948,"TCGA-A8-A09E"
"B",266,0.00336512916529616,"TCGA-A8-A09I"
"DC_Mast",1377,0.0174202363180933,"TCGA-A8-A09I"
"Macrophage",5705,0.072173164992536,"TCGA-A8-A09I"
"Malignant",45724,0.578447992308276,"TCGA-A8-A09I"
"Myoepi",1807,0.0228601067732713,"TCGA-A8-A09I"
"Plasma",19,0.000240366368949725,"TCGA-A8-A09I"
"Stromal",20772,0.262783695569668,"TCGA-A8-A09I"
"T",3343,0.042291830073628,"TCGA-A8-A09I"
"unassigned",33,0.000417478430281102,"TCGA-A8-A09I"
"B",94,0.00139302597845256,"TCGA-A8-A09N"
"DC_Mast",1378,0.0204211680671024,"TCGA-A8-A09N"
"Macrophage",12296,0.182219653521836,"TCGA-A8-A09N"
"Malignant",25435,0.376932082573838,"TCGA-A8-A09N"
"Myoepi",3531,0.052327390743787,"TCGA-A8-A09N"
"Plasma",3,4.44582759080603e-05,"TCGA-A8-A09N"
"Stromal",23582,0.349471687487959,"TCGA-A8-A09N"
"T",971,0.0143896619689088,"TCGA-A8-A09N"
"unassigned",189,0.0028008713822078,"TCGA-A8-A09N"
"B",30,0.000659239237919441,"TCGA-A8-A0AB"
"DC_Mast",140,0.00307644977695739,"TCGA-A8-A0AB"
"Macrophage",3321,0.0729777836376821,"TCGA-A8-A0AB"
"Malignant",21876,0.480717252290856,"TCGA-A8-A0AB"
"Myoepi",2987,0.0656382534555123,"TCGA-A8-A0AB"
"Plasma",2,4.39492825279627e-05,"TCGA-A8-A0AB"
"Stromal",16864,0.370580350275782,"TCGA-A8-A0AB"
"T",282,0.00619684883644275,"TCGA-A8-A0AB"
"unassigned",5,0.000109873206319907,"TCGA-A8-A0AB"
"DC_Mast",2,0.000151285930408472,"TCGA-AC-A23G"
"Macrophage",370,0.0279878971255673,"TCGA-AC-A23G"
"Malignant",9344,0.706807866868381,"TCGA-AC-A23G"
"Myoepi",1556,0.117700453857791,"TCGA-AC-A23G"
"Plasma",1,7.5642965204236e-05,"TCGA-AC-A23G"
"Stromal",1932,0.146142208774584,"TCGA-AC-A23G"
"T",10,0.00075642965204236,"TCGA-AC-A23G"
"unassigned",5,0.00037821482602118,"TCGA-AC-A23G"
"B",66,0.00178267563406531,"TCGA-AC-A3QQ"
"DC_Mast",89,0.00240391108230019,"TCGA-AC-A3QQ"
"Macrophage",6199,0.16743645841774,"TCGA-AC-A3QQ"
"Malignant",14066,0.379925991950949,"TCGA-AC-A3QQ"
"Myoepi",3482,0.094049644815385,"TCGA-AC-A3QQ"
"Plasma",1,2.70102368797774e-05,"TCGA-AC-A3QQ"
"Stromal",11895,0.321286767684953,"TCGA-AC-A3QQ"
"T",1211,0.0327093968614105,"TCGA-AC-A3QQ"
"unassigned",14,0.000378143316316884,"TCGA-AC-A3QQ"
"B",122,0.00135336010471901,"TCGA-AC-A3YI"
"DC_Mast",465,0.00515829875978967,"TCGA-AC-A3YI"
"Macrophage",11214,0.124398198478025,"TCGA-AC-A3YI"
"Malignant",32990,0.365961884054756,"TCGA-AC-A3YI"
"Myoepi",11925,0.132285403678477,"TCGA-AC-A3YI"
"Plasma",14,0.000155303618574313,"TCGA-AC-A3YI"
"Stromal",29487,0.32710270006434,"TCGA-AC-A3YI"
"T",3857,0.0427861469172232,"TCGA-AC-A3YI"
"unassigned",72,0.000798704324096466,"TCGA-AC-A3YI"
"B",124,0.00124039692701665,"TCGA-AC-A8OS"
"DC_Mast",132,0.00132042253521127,"TCGA-AC-A8OS"
"Macrophage",4942,0.0494358194622279,"TCGA-AC-A8OS"
"Malignant",45148,0.451624519846351,"TCGA-AC-A8OS"
"Myoepi",13722,0.137263924455826,"TCGA-AC-A8OS"
"Plasma",23,0.000230073623559539,"TCGA-AC-A8OS"
"Stromal",33918,0.33928857234315,"TCGA-AC-A8OS"
"T",1868,0.0186859795134443,"TCGA-AC-A8OS"
"unassigned",91,0.000910291293213828,"TCGA-AC-A8OS"
"B",162,0.00162061583401693,"TCGA-AN-A0AK"
"DC_Mast",206,0.00206078309757708,"TCGA-AN-A0AK"
"Macrophage",2716,0.0271703247233949,"TCGA-AN-A0AK"
"Malignant",55438,0.554590744482903,"TCGA-AN-A0AK"
"Myoepi",14633,0.146385626538084,"TCGA-AN-A0AK"
"Plasma",47,0.0004701786678938,"TCGA-AN-A0AK"
"Stromal",24010,0.24019127268362,"TCGA-AN-A0AK"
"T",2674,0.0267501650627238,"TCGA-AN-A0AK"
"unassigned",76,0.000760288909785719,"TCGA-AN-A0AK"
"B",479,0.00479191676670668,"TCGA-AN-A0FD"
"DC_Mast",1029,0.0102941176470588,"TCGA-AN-A0FD"
"Macrophage",27427,0.27437975190076,"TCGA-AN-A0FD"
"Malignant",32686,0.326990796318527,"TCGA-AN-A0FD"
"Myoepi",5537,0.0553921568627451,"TCGA-AN-A0FD"
"Plasma",81,0.000810324129651861,"TCGA-AN-A0FD"
"Stromal",22181,0.221898759503802,"TCGA-AN-A0FD"
"T",10402,0.10406162464986,"TCGA-AN-A0FD"
"unassigned",138,0.00138055222088836,"TCGA-AN-A0FD"
"B",82,0.000820188643387979,"TCGA-AN-A0FJ"
"DC_Mast",139,0.00139031977354792,"TCGA-AN-A0FJ"
"Macrophage",1732,0.0173239845164388,"TCGA-AN-A0FJ"
"Malignant",62979,0.629934885023555,"TCGA-AN-A0FJ"
"Myoepi",16508,0.165117977134741,"TCGA-AN-A0FJ"
"Plasma",28,0.000280064414815408,"TCGA-AN-A0FJ"
"Stromal",17489,0.174930233953809,"TCGA-AN-A0FJ"
"T",906,0.00906208427938426,"TCGA-AN-A0FJ"
"unassigned",114,0.00114026226031987,"TCGA-AN-A0FJ"
"B",25,0.000250080025608195,"TCGA-AN-A0FK"
"DC_Mast",90,0.000900288092189501,"TCGA-AN-A0FK"
"Macrophage",1174,0.0117437580025608,"TCGA-AN-A0FK"
"Malignant",81326,0.813520326504481,"TCGA-AN-A0FK"
"Myoepi",8361,0.0836367637644046,"TCGA-AN-A0FK"
"Plasma",30,0.000300096030729834,"TCGA-AN-A0FK"
"Stromal",8583,0.0858574743918054,"TCGA-AN-A0FK"
"T",203,0.00203064980793854,"TCGA-AN-A0FK"
"unassigned",176,0.00176056338028169,"TCGA-AN-A0FK"
"B",23,0.000230066719348611,"TCGA-AN-A0FL"
"DC_Mast",63,0.00063018275299837,"TCGA-AN-A0FL"
"Macrophage",1000,0.010002900841244,"TCGA-AN-A0FL"
"Malignant",90030,0.900561162737194,"TCGA-AN-A0FL"
"Myoepi",5771,0.0577267407548189,"TCGA-AN-A0FL"
"Plasma",9,9.00261075711957e-05,"TCGA-AN-A0FL"
"Stromal",2774,0.0277480469336107,"TCGA-AN-A0FL"
"T",216,0.0021606265817087,"TCGA-AN-A0FL"
"unassigned",85,0.000850246571505737,"TCGA-AN-A0FL"
"B",189,0.00189060499359795,"TCGA-AN-A0FN"
"DC_Mast",379,0.00379121318822023,"TCGA-AN-A0FN"
"Macrophage",6598,0.0660011203585147,"TCGA-AN-A0FN"
"Malignant",48733,0.487485995518566,"TCGA-AN-A0FN"
"Myoepi",12662,0.126660531370038,"TCGA-AN-A0FN"
"Plasma",13,0.000130041613316261,"TCGA-AN-A0FN"
"Stromal",26037,0.260453345070423,"TCGA-AN-A0FN"
"T",5357,0.0535871478873239,"TCGA-AN-A0FN"
"B",447,0.00447143085787452,"TCGA-AN-A0FS"
"DC_Mast",447,0.00447143085787452,"TCGA-AN-A0FS"
"Macrophage",19748,0.197543213828425,"TCGA-AN-A0FS"
"Malignant",45790,0.458046574903969,"TCGA-AN-A0FS"
"Myoepi",7502,0.075044014084507,"TCGA-AN-A0FS"
"Plasma",11,0.000110035211267606,"TCGA-AN-A0FS"
"Stromal",19270,0.192761683738796,"TCGA-AN-A0FS"
"T",6597,0.0659911171574904,"TCGA-AN-A0FS"
"unassigned",156,0.00156049935979513,"TCGA-AN-A0FS"
"B",15,0.000150064527746931,"TCGA-AN-A0FV"
"DC_Mast",72,0.00072030973318527,"TCGA-AN-A0FV"
"Macrophage",10918,0.109226967596066,"TCGA-AN-A0FV"
"Malignant",54376,0.543993917384475,"TCGA-AN-A0FV"
"Myoepi",6114,0.0611663015096491,"TCGA-AN-A0FV"
"Plasma",2,2.00086036995908e-05,"TCGA-AN-A0FV"
"Stromal",26814,0.268255349800414,"TCGA-AN-A0FV"
"T",1589,0.0158968356393249,"TCGA-AN-A0FV"
"unassigned",57,0.000570245205438338,"TCGA-AN-A0FV"
"B",94,0.000940423190435696,"TCGA-AN-A0FX"
"DC_Mast",325,0.00325146315842129,"TCGA-AN-A0FX"
"Macrophage",5989,0.0599169626331849,"TCGA-AN-A0FX"
"Malignant",59530,0.595568005602521,"TCGA-AN-A0FX"
"Myoepi",6052,0.0605472462608174,"TCGA-AN-A0FX"
"Plasma",38,0.000380171076984643,"TCGA-AN-A0FX"
"Stromal",24051,0.240618278225201,"TCGA-AN-A0FX"
"T",3804,0.038057125706568,"TCGA-AN-A0FX"
"unassigned",72,0.000720324145865639,"TCGA-AN-A0FX"
"B",19,0.000190083636800192,"TCGA-AN-A0FZ"
"DC_Mast",101,0.00101044459562207,"TCGA-AN-A0FZ"
"Macrophage",4864,0.0486614110208492,"TCGA-AN-A0FZ"
"Malignant",53429,0.534525191084077,"TCGA-AN-A0FZ"
"Myoepi",7271,0.0727420064828525,"TCGA-AN-A0FZ"
"Plasma",8,8.00352154948177e-05,"TCGA-AN-A0FZ"
"Stromal",32368,0.323822481892032,"TCGA-AN-A0FZ"
"T",1804,0.0180479410940814,"TCGA-AN-A0FZ"
"unassigned",92,0.000920404978190404,"TCGA-AN-A0FZ"
"B",564,0.00564259559397323,"TCGA-AN-A0XP"
"DC_Mast",2339,0.0234007643516017,"TCGA-AN-A0XP"
"Macrophage",18142,0.181503491606139,"TCGA-AN-A0XP"
"Malignant",39163,0.391810232707045,"TCGA-AN-A0XP"
"Myoepi",8424,0.0842787682333874,"TCGA-AN-A0XP"
"Plasma",68,0.000680312943954219,"TCGA-AN-A0XP"
"Stromal",23864,0.238749824919463,"TCGA-AN-A0XP"
"T",7246,0.0724933469395922,"TCGA-AN-A0XP"
"unassigned",144,0.00144066270484423,"TCGA-AN-A0XP"
"B",110,0.00312828825754344,"TCGA-AN-A0XW"
"DC_Mast",478,0.0135938344282342,"TCGA-AN-A0XW"
"Macrophage",2141,0.0608878650854591,"TCGA-AN-A0XW"
"Malignant",24838,0.706367488553309,"TCGA-AN-A0XW"
"Myoepi",3107,0.0883599237835224,"TCGA-AN-A0XW"
"Plasma",5,0.000142194920797429,"TCGA-AN-A0XW"
"Stromal",2430,0.0691067315075505,"TCGA-AN-A0XW"
"T",2008,0.0571054801922475,"TCGA-AN-A0XW"
"unassigned",46,0.00130819327133635,"TCGA-AN-A0XW"
"B",52,0.000520182063722303,"TCGA-AO-A03L"
"DC_Mast",205,0.00205071775121292,"TCGA-AO-A03L"
"Macrophage",1283,0.0128344920722253,"TCGA-AO-A03L"
"Malignant",80464,0.804921722602911,"TCGA-AO-A03L"
"Myoepi",8783,0.087860751262942,"TCGA-AO-A03L"
"Plasma",12,0.000120042014705147,"TCGA-AO-A03L"
"Stromal",8423,0.0842594908217876,"TCGA-AO-A03L"
"T",727,0.00727254539088681,"TCGA-AO-A03L"
"unassigned",16,0.000160056019606862,"TCGA-AO-A03L"
"B",11,0.000110052825356171,"TCGA-AO-A0JE"
"DC_Mast",51,0.000510244917560429,"TCGA-AO-A0JE"
"Macrophage",591,0.00591283816231791,"TCGA-AO-A0JE"
"Malignant",73431,0.734662638066272,"TCGA-AO-A0JE"
"Myoepi",11491,0.114965183287978,"TCGA-AO-A0JE"
"Plasma",14,0.00014006723227149,"TCGA-AO-A0JE"
"Stromal",14217,0.142238274371698,"TCGA-AO-A0JE"
"T",86,0.000860412998239155,"TCGA-AO-A0JE"
"unassigned",60,0.000600288138306387,"TCGA-AO-A0JE"
"B",33,0.000330148566855085,"TCGA-AO-A12D"
"DC_Mast",326,0.0032614676604472,"TCGA-AO-A12D"
"Macrophage",1386,0.0138662398079136,"TCGA-AO-A12D"
"Malignant",77246,0.772807763493572,"TCGA-AO-A12D"
"Myoepi",9127,0.0913110899904957,"TCGA-AO-A12D"
"Plasma",74,0.000740333149917463,"TCGA-AO-A12D"
"Stromal",11448,0.114531539192637,"TCGA-AO-A12D"
"T",295,0.00295132809764394,"TCGA-AO-A12D"
"unassigned",20,0.000200090040518233,"TCGA-AO-A12D"
"B",12,0.000306897521802511,"TCGA-AO-A12G"
"DC_Mast",2867,0.0733229329173167,"TCGA-AO-A12G"
"Macrophage",8744,0.223625994220097,"TCGA-AO-A12G"
"Malignant",230,0.0058822025012148,"TCGA-AO-A12G"
"Myoepi",222,0.00567760415334646,"TCGA-AO-A12G"
"Stromal",24419,0.624510882074627,"TCGA-AO-A12G"
"T",1764,0.0451139357049692,"TCGA-AO-A12G"
"unassigned",843,0.0215595509066264,"TCGA-AO-A12G"
"B",383,0.0038316859418144,"TCGA-AQ-A04L"
"DC_Mast",1230,0.0123054143823282,"TCGA-AQ-A04L"
"Macrophage",10866,0.108707831445836,"TCGA-AQ-A04L"
"Malignant",37832,0.378486534074993,"TCGA-AQ-A04L"
"Myoepi",9131,0.0913501940853976,"TCGA-AQ-A04L"
"Plasma",550,0.00550242106526872,"TCGA-AQ-A04L"
"Stromal",26487,0.264986594101405,"TCGA-AQ-A04L"
"T",13422,0.13427908279643,"TCGA-AQ-A04L"
"unassigned",55,0.000550242106526872,"TCGA-AQ-A04L"
"B",161,0.00161051536491677,"TCGA-AQ-A0Y5"
"DC_Mast",413,0.00413132202304738,"TCGA-AQ-A0Y5"
"Macrophage",7513,0.0751540492957746,"TCGA-AQ-A0Y5"
"Malignant",56949,0.569672295134443,"TCGA-AQ-A0Y5"
"Myoepi",8001,0.0800356113956466,"TCGA-AQ-A0Y5"
"Plasma",19,0.000190060819462228,"TCGA-AQ-A0Y5"
"Stromal",17714,0.177196702944942,"TCGA-AQ-A0Y5"
"T",9120,0.0912291933418694,"TCGA-AQ-A0Y5"
"unassigned",78,0.000780249679897567,"TCGA-AQ-A0Y5"
"B",62,0.00219967359682112,"TCGA-AR-A0TX"
"DC_Mast",99,0.00351238203363372,"TCGA-AR-A0TX"
"Macrophage",7036,0.249627474632796,"TCGA-AR-A0TX"
"Malignant",5808,0.206059745973178,"TCGA-AR-A0TX"
"Myoepi",1979,0.070212162066274,"TCGA-AR-A0TX"
"Plasma",15,0.000532179096005109,"TCGA-AR-A0TX"
"Stromal",11159,0.395905768821401,"TCGA-AR-A0TX"
"T",2022,0.0717377421414887,"TCGA-AR-A0TX"
"unassigned",6,0.000212871638402044,"TCGA-AR-A0TX"
"B",528,0.00528237706968136,"TCGA-AR-A1AT"
"DC_Mast",581,0.00581261567705467,"TCGA-AR-A1AT"
"Macrophage",7947,0.07950577759992,"TCGA-AR-A1AT"
"Malignant",43129,0.431484167875544,"TCGA-AR-A1AT"
"Myoepi",11334,0.113391025961683,"TCGA-AR-A1AT"
"Plasma",190,0.00190085538492322,"TCGA-AR-A1AT"
"Stromal",23884,0.238947526386874,"TCGA-AR-A1AT"
"T",12233,0.122385073282977,"TCGA-AR-A1AT"
"unassigned",129,0.0012905807613426,"TCGA-AR-A1AT"
"B",219,0.00219059145969412,"TCGA-AR-A1AX"
"DC_Mast",967,0.00967261160513339,"TCGA-AR-A1AX"
"Macrophage",17311,0.173156752323127,"TCGA-AR-A1AX"
"Malignant",54984,0.549988496894161,"TCGA-AR-A1AX"
"Myoepi",5548,0.0554949836455843,"TCGA-AR-A1AX"
"Plasma",186,0.00186050233563062,"TCGA-AR-A1AX"
"Stromal",15168,0.151720964660458,"TCGA-AR-A1AX"
"T",5569,0.0557050403608974,"TCGA-AR-A1AX"
"unassigned",21,0.000210056715313135,"TCGA-AR-A1AX"
"B",1194,0.0119442999479813,"TCGA-AR-A24U"
"DC_Mast",1357,0.0135748869593053,"TCGA-AR-A24U"
"Macrophage",17686,0.176923692529311,"TCGA-AR-A24U"
"Malignant",28728,0.287383458044896,"TCGA-AR-A24U"
"Myoepi",6788,0.0679044456004162,"TCGA-AR-A24U"
"Plasma",194,0.00194069865151455,"TCGA-AR-A24U"
"Stromal",25177,0.251860669841143,"TCGA-AR-A24U"
"T",18824,0.18830779080469,"TCGA-AR-A24U"
"unassigned",16,0.000160057620743468,"TCGA-AR-A24U"
"B",29,0.000290121851177495,"TCGA-AR-A254"
"DC_Mast",102,0.0010204285800036,"TCGA-AR-A254"
"Macrophage",4301,0.0430280717901519,"TCGA-AR-A254"
"Malignant",52688,0.527101382580684,"TCGA-AR-A254"
"Myoepi",12473,0.124782408611617,"TCGA-AR-A254"
"Plasma",5,5.0021008823706e-05,"TCGA-AR-A254"
"Stromal",29736,0.297484943676344,"TCGA-AR-A254"
"T",394,0.00394165549530803,"TCGA-AR-A254"
"unassigned",230,0.00230096640589047,"TCGA-AR-A254"
"B",667,0.00667226857131425,"TCGA-AR-A255"
"DC_Mast",955,0.00955324810435548,"TCGA-AR-A255"
"Macrophage",14518,0.145229377988516,"TCGA-AR-A255"
"Malignant",37182,0.371946461797011,"TCGA-AR-A255"
"Myoepi",9860,0.0986335354020367,"TCGA-AR-A255"
"Plasma",9,9.00306104075386e-05,"TCGA-AR-A255"
"Stromal",31287,0.312976411980073,"TCGA-AR-A255"
"T",5457,0.0545885601104375,"TCGA-AR-A255"
"unassigned",31,0.000310105435848188,"TCGA-AR-A255"
"B",1296,0.0129653157794696,"TCGA-AR-A2LJ"
"DC_Mast",1884,0.018847727568303,"TCGA-AR-A2LJ"
"Macrophage",23550,0.235596594603788,"TCGA-AR-A2LJ"
"Malignant",35510,0.355245650716794,"TCGA-AR-A2LJ"
"Myoepi",5087,0.0508908652547544,"TCGA-AR-A2LJ"
"Plasma",160,0.00160065626907032,"TCGA-AR-A2LJ"
"Stromal",17087,0.170940085435028,"TCGA-AR-A2LJ"
"T",15271,0.15277263678108,"TCGA-AR-A2LJ"
"unassigned",114,0.0011404675917126,"TCGA-AR-A2LJ"
"B",357,0.003571714422923,"TCGA-AR-A5QN"
"DC_Mast",820,0.00820393789018729,"TCGA-AR-A5QN"
"Macrophage",8088,0.080918841043701,"TCGA-AR-A5QN"
"Malignant",57640,0.576676804866336,"TCGA-AR-A5QN"
"Myoepi",10425,0.104300064030735,"TCGA-AR-A5QN"
"Plasma",22,0.000220105650712342,"TCGA-AR-A5QN"
"Stromal",18033,0.180416599967985,"TCGA-AR-A5QN"
"T",4547,0.045491836081319,"TCGA-AR-A5QN"
"unassigned",20,0.000200096046102129,"TCGA-AR-A5QN"
"B",592,0.00592236894757903,"TCGA-BH-A0AW"
"DC_Mast",1849,0.0184973989595838,"TCGA-BH-A0AW"
"Macrophage",12302,0.123069227691076,"TCGA-BH-A0AW"
"Malignant",35331,0.353451380552221,"TCGA-BH-A0AW"
"Myoepi",8827,0.0883053221288515,"TCGA-BH-A0AW"
"Plasma",264,0.00264105642256903,"TCGA-BH-A0AW"
"Stromal",28678,0.286894757903161,"TCGA-BH-A0AW"
"T",12016,0.120208083233293,"TCGA-BH-A0AW"
"unassigned",101,0.00101040416166467,"TCGA-BH-A0AW"
"B",458,0.00458206192786754,"TCGA-BH-A0B6"
"DC_Mast",987,0.00987444349957481,"TCGA-BH-A0B6"
"Macrophage",5039,0.0504126857085689,"TCGA-BH-A0B6"
"Malignant",60608,0.606352858786454,"TCGA-BH-A0B6"
"Myoepi",7832,0.0783552598669401,"TCGA-BH-A0B6"
"Plasma",8,8.00360162072933e-05,"TCGA-BH-A0B6"
"Stromal",17028,0.170356660497224,"TCGA-BH-A0B6"
"T",7934,0.0793757190735831,"TCGA-BH-A0B6"
"unassigned",61,0.000610274623580611,"TCGA-BH-A0B6"
"B",267,0.00267106842737095,"TCGA-BH-A0HY"
"DC_Mast",491,0.00491196478591437,"TCGA-BH-A0HY"
"Macrophage",7193,0.0719587835134054,"TCGA-BH-A0HY"
"Malignant",45599,0.456172468987595,"TCGA-BH-A0HY"
"Myoepi",11642,0.116466586634654,"TCGA-BH-A0HY"
"Plasma",60,0.000600240096038415,"TCGA-BH-A0HY"
"Stromal",28234,0.282452981192477,"TCGA-BH-A0HY"
"T",6403,0.0640556222488996,"TCGA-BH-A0HY"
"unassigned",71,0.000710284113645458,"TCGA-BH-A0HY"
"B",268,0.00268136749742369,"TCGA-BH-A18H"
"DC_Mast",436,0.00436222473461465,"TCGA-BH-A18H"
"Macrophage",7037,0.0704059070125764,"TCGA-BH-A18H"
"Malignant",57082,0.571111266746041,"TCGA-BH-A18H"
"Myoepi",11818,0.118240302554303,"TCGA-BH-A18H"
"Plasma",40,0.000400204104093087,"TCGA-BH-A18H"
"Stromal",18098,0.181072346896917,"TCGA-BH-A18H"
"T",5059,0.0506158140651732,"TCGA-BH-A18H"
"unassigned",111,0.00111056638885832,"TCGA-BH-A18H"
"B",91,0.000910364145658263,"TCGA-BH-A18I"
"DC_Mast",161,0.00161064425770308,"TCGA-BH-A18I"
"Macrophage",5012,0.050140056022409,"TCGA-BH-A18I"
"Malignant",54204,0.542256902761104,"TCGA-BH-A18I"
"Myoepi",15083,0.150890356142457,"TCGA-BH-A18I"
"Plasma",13,0.000130052020808323,"TCGA-BH-A18I"
"Stromal",24126,0.241356542617047,"TCGA-BH-A18I"
"T",1230,0.0123049219687875,"TCGA-BH-A18I"
"unassigned",40,0.00040016006402561,"TCGA-BH-A18I"
"B",32,0.000320128051220488,"TCGA-BH-A18T"
"DC_Mast",495,0.00495198079231693,"TCGA-BH-A18T"
"Macrophage",4027,0.0402861144457783,"TCGA-BH-A18T"
"Malignant",69519,0.69546818727491,"TCGA-BH-A18T"
"Myoepi",5825,0.0582733093237295,"TCGA-BH-A18T"
"Plasma",305,0.00305122048819528,"TCGA-BH-A18T"
"Stromal",14806,0.14811924769908,"TCGA-BH-A18T"
"T",4940,0.0494197679071629,"TCGA-BH-A18T"
"unassigned",11,0.000110044017607043,"TCGA-BH-A18T"
"B",59,0.000590265619528788,"TCGA-BH-A42T"
"DC_Mast",189,0.0018908508828973,"TCGA-BH-A42T"
"Macrophage",15331,0.153379020559252,"TCGA-BH-A42T"
"Malignant",37685,0.377019658846481,"TCGA-BH-A42T"
"Myoepi",7140,0.0714321444650093,"TCGA-BH-A42T"
"Plasma",12,0.00012005402431094,"TCGA-BH-A42T"
"Stromal",38248,0.382652193487069,"TCGA-BH-A42T"
"T",1267,0.0126757040668301,"TCGA-BH-A42T"
"unassigned",24,0.00024010804862188,"TCGA-BH-A42T"
"B",43,0.000430202195031665,"TCGA-C8-A12Q"
"DC_Mast",363,0.00363170690224405,"TCGA-C8-A12Q"
"Macrophage",9117,0.091212870048923,"TCGA-C8-A12Q"
"Malignant",34393,0.344091723109862,"TCGA-C8-A12Q"
"Myoepi",10228,0.102328094204276,"TCGA-C8-A12Q"
"Plasma",747,0.00747351255089892,"TCGA-C8-A12Q"
"Stromal",39867,0.398857463007614,"TCGA-C8-A12Q"
"T",5175,0.0517743339369504,"TCGA-C8-A12Q"
"unassigned",20,0.000200094044200774,"TCGA-C8-A12Q"
"B",455,0.00455191180295724,"TCGA-C8-A1HF"
"DC_Mast",2170,0.0217091178294884,"TCGA-C8-A1HF"
"Macrophage",8247,0.0825046519538206,"TCGA-C8-A1HF"
"Malignant",35797,0.35812041057244,"TCGA-C8-A1HF"
"Myoepi",6945,0.0694791812561276,"TCGA-C8-A1HF"
"Plasma",744,0.00744312611296745,"TCGA-C8-A1HF"
"Stromal",28902,0.28914143940455,"TCGA-C8-A1HF"
"T",16635,0.16641989635647,"TCGA-C8-A1HF"
"unassigned",63,0.000630264711178695,"TCGA-C8-A1HF"
"B",96,0.000960364938676697,"TCGA-C8-A278"
"DC_Mast",1822,0.0182269262319681,"TCGA-C8-A278"
"Macrophage",13639,0.136441847902203,"TCGA-C8-A278"
"Malignant",32596,0.326083911886517,"TCGA-C8-A278"
"Myoepi",5827,0.0582921510173866,"TCGA-C8-A278"
"Plasma",276,0.0027610491986955,"TCGA-C8-A278"
"Stromal",31598,0.316100118044857,"TCGA-C8-A278"
"T",14026,0.140313319061243,"TCGA-C8-A278"
"unassigned",82,0.000820311718453012,"TCGA-C8-A278"
"B",1296,0.0129649266721354,"TCGA-C8-A3M8"
"DC_Mast",3050,0.0305115944058742,"TCGA-C8-A3M8"
"Macrophage",15052,0.15057721934335,"TCGA-C8-A3M8"
"Malignant",38088,0.38102478941998,"TCGA-C8-A3M8"
"Myoepi",4263,0.0426462055581121,"TCGA-C8-A3M8"
"Plasma",69,0.000690262299673876,"TCGA-C8-A3M8"
"Stromal",27842,0.278525839819131,"TCGA-C8-A3M8"
"T",10270,0.102739040835517,"TCGA-C8-A3M8"
"unassigned",32,0.000320121646225566,"TCGA-C8-A3M8"
"B",64,0.000640256102440976,"TCGA-C8-A8HP"
"DC_Mast",534,0.0053421368547419,"TCGA-C8-A8HP"
"Macrophage",2773,0.0277410964385754,"TCGA-C8-A8HP"
"Malignant",45669,0.45687274909964,"TCGA-C8-A8HP"
"Myoepi",13409,0.134143657462985,"TCGA-C8-A8HP"
"Plasma",148,0.00148059223689476,"TCGA-C8-A8HP"
"Stromal",34775,0.347889155662265,"TCGA-C8-A8HP"
"T",2584,0.0258503401360544,"TCGA-C8-A8HP"
"unassigned",4,4.0016006402561e-05,"TCGA-C8-A8HP"
"DC_Mast",658,0.00658315991676004,"TCGA-D8-A1JA"
"Macrophage",11040,0.110453017448375,"TCGA-D8-A1JA"
"Malignant",51693,0.517178245557868,"TCGA-D8-A1JA"
"Myoepi",609,0.00609292460380983,"TCGA-D8-A1JA"
"Plasma",134,0.00134064350888426,"TCGA-D8-A1JA"
"Stromal",34884,0.349007523611333,"TCGA-D8-A1JA"
"T",934,0.00934448535296943,"TCGA-D8-A1JA"
"B",24,0.000240122462455852,"TCGA-D8-A1XJ"
"DC_Mast",298,0.0029815205754935,"TCGA-D8-A1XJ"
"Macrophage",12127,0.121331879258422,"TCGA-D8-A1XJ"
"Malignant",43368,0.433901289657725,"TCGA-D8-A1XJ"
"Myoepi",2878,0.0287946852894976,"TCGA-D8-A1XJ"
"Plasma",53,0.000530270437923341,"TCGA-D8-A1XJ"
"Stromal",36928,0.369468428898738,"TCGA-D8-A1XJ"
"T",4251,0.0425316911624929,"TCGA-D8-A1XJ"
"unassigned",22,0.000220112257251198,"TCGA-D8-A1XJ"
"B",17,0.000170076534440498,"TCGA-D8-A1XT"
"DC_Mast",695,0.0069531289080086,"TCGA-D8-A1XT"
"Macrophage",12422,0.124275924165875,"TCGA-D8-A1XT"
"Malignant",30960,0.309739382722225,"TCGA-D8-A1XT"
"Myoepi",4103,0.0410484718123155,"TCGA-D8-A1XT"
"Plasma",38,0.000380171076984643,"TCGA-D8-A1XT"
"Stromal",48304,0.483257465859637,"TCGA-D8-A1XT"
"T",3410,0.0341153519083588,"TCGA-D8-A1XT"
"unassigned",6,6.002701215547e-05,"TCGA-D8-A1XT"
"B",85,0.000850374164632438,"TCGA-E2-A14P"
"DC_Mast",1364,0.0136460042418664,"TCGA-E2-A14P"
"Macrophage",14621,0.146274360718716,"TCGA-E2-A14P"
"Malignant",49214,0.492356636920245,"TCGA-E2-A14P"
"Myoepi",7549,0.0755232302212974,"TCGA-E2-A14P"
"Plasma",3299,0.0330045219896755,"TCGA-E2-A14P"
"Stromal",12926,0.129316899435752,"TCGA-E2-A14P"
"T",10799,0.108037536516067,"TCGA-E2-A14P"
"unassigned",99,0.000990435791748369,"TCGA-E2-A14P"
"B",19,0.000190076030412165,"TCGA-E2-A152"
"DC_Mast",189,0.00189075630252101,"TCGA-E2-A152"
"Macrophage",5317,0.0531912765106042,"TCGA-E2-A152"
"Malignant",52045,0.520658263305322,"TCGA-E2-A152"
"Myoepi",8269,0.0827230892356943,"TCGA-E2-A152"
"Plasma",144,0.0014405762304922,"TCGA-E2-A152"
"Stromal",31238,0.3125050020008,"TCGA-E2-A152"
"T",2726,0.0272709083633453,"TCGA-E2-A152"
"unassigned",13,0.000130052020808323,"TCGA-E2-A152"
"B",36,0.00036015846972668,"TCGA-E2-A1B0"
"DC_Mast",562,0.00562247388851094,"TCGA-E2-A1B0"
"Macrophage",9281,0.0928508543759254,"TCGA-E2-A1B0"
"Malignant",53554,0.535775741326184,"TCGA-E2-A1B0"
"Myoepi",5680,0.0568250030013206,"TCGA-E2-A1B0"
"Plasma",810,0.00810356556885029,"TCGA-E2-A1B0"
"Stromal",25452,0.254632038096763,"TCGA-E2-A1B0"
"T",4535,0.0453699627836248,"TCGA-E2-A1B0"
"unassigned",46,0.000460202489095202,"TCGA-E2-A1B0"
"B",13,0.000130052020808323,"TCGA-E2-A1LE"
"DC_Mast",1770,0.0177070828331333,"TCGA-E2-A1LE"
"Macrophage",23510,0.235194077631052,"TCGA-E2-A1LE"
"Malignant",12358,0.123629451780712,"TCGA-E2-A1LE"
"Myoepi",1642,0.0164265706282513,"TCGA-E2-A1LE"
"Plasma",312,0.00312124849939976,"TCGA-E2-A1LE"
"Stromal",47299,0.473179271708683,"TCGA-E2-A1LE"
"T",13043,0.130482192877151,"TCGA-E2-A1LE"
"unassigned",13,0.000130052020808323,"TCGA-E2-A1LE"
"B",284,0.0028412217253419,"TCGA-E9-A22D"
"DC_Mast",1069,0.0106945986774313,"TCGA-E9-A22D"
"Macrophage",6510,0.0651280050421681,"TCGA-E9-A22D"
"Malignant",45985,0.460047820562842,"TCGA-E9-A22D"
"Myoepi",11565,0.115699750892884,"TCGA-E9-A22D"
"Plasma",717,0.00717308442630331,"TCGA-E9-A22D"
"Stromal",21627,0.216363036105525,"TCGA-E9-A22D"
"T",12140,0.121452224456516,"TCGA-E9-A22D"
"unassigned",60,0.000600258110987725,"TCGA-E9-A22D"
"B",8,8.00296109560537e-05,"TCGA-E9-A22E"
"DC_Mast",606,0.00606224302992107,"TCGA-E9-A22E"
"Macrophage",27609,0.276192191110711,"TCGA-E9-A22E"
"Malignant",18620,0.186268919500215,"TCGA-E9-A22E"
"Myoepi",3127,0.0312815741824475,"TCGA-E9-A22E"
"Plasma",181,0.00181066994788072,"TCGA-E9-A22E"
"Stromal",45151,0.451677120534598,"TCGA-E9-A22E"
"T",4653,0.0465472224723148,"TCGA-E9-A22E"
"unassigned",8,8.00296109560537e-05,"TCGA-E9-A22E"
"B",225,0.00225087784235852,"TCGA-E9-A22G"
"DC_Mast",1068,0.0106841668250618,"TCGA-E9-A22G"
"Macrophage",8916,0.0891947859665269,"TCGA-E9-A22G"
"Malignant",67303,0.673292584107802,"TCGA-E9-A22G"
"Myoepi",6965,0.0696771740978982,"TCGA-E9-A22G"
"Plasma",696,0.00696271545902902,"TCGA-E9-A22G"
"Stromal",7446,0.0744890507297846,"TCGA-E9-A22G"
"T",7281,0.0728384069787217,"TCGA-E9-A22G"
"unassigned",61,0.000610237992817199,"TCGA-E9-A22G"
"B",253,0.00253116433559437,"TCGA-E9-A295"
"DC_Mast",1365,0.0136562818896692,"TCGA-E9-A295"
"Macrophage",27991,0.280038817856214,"TCGA-E9-A295"
"Malignant",16268,0.16275486723893,"TCGA-E9-A295"
"Myoepi",4553,0.0455509534385817,"TCGA-E9-A295"
"Plasma",430,0.00430197891029874,"TCGA-E9-A295"
"Stromal",32569,0.32583988634772,"TCGA-E9-A295"
"T",16524,0.165316045380875,"TCGA-E9-A295"
"unassigned",1,1.00046021169738e-05,"TCGA-E9-A295"
"B",228,0.00228095800236099,"TCGA-EW-A1J3"
"DC_Mast",741,0.00741311350767322,"TCGA-EW-A1J3"
"Macrophage",10936,0.10940595049921,"TCGA-EW-A1J3"
"Malignant",39155,0.391714520098441,"TCGA-EW-A1J3"
"Myoepi",10067,0.10071229916565,"TCGA-EW-A1J3"
"Plasma",75,0.000750315132355589,"TCGA-EW-A1J3"
"Stromal",33844,0.338582204525901,"TCGA-EW-A1J3"
"T",4851,0.0485303827607595,"TCGA-EW-A1J3"
"unassigned",61,0.000610256307649213,"TCGA-EW-A1J3"
"B",14,0.000140056022408964,"TCGA-EW-A424"
"DC_Mast",275,0.00275110044017607,"TCGA-EW-A424"
"Macrophage",4065,0.0406662665066026,"TCGA-EW-A424"
"Malignant",58956,0.589795918367347,"TCGA-EW-A424"
"Myoepi",11112,0.111164465786315,"TCGA-EW-A424"
"Plasma",440,0.00440176070428171,"TCGA-EW-A424"
"Stromal",23165,0.231742697078832,"TCGA-EW-A424"
"T",1924,0.0192476990796319,"TCGA-EW-A424"
"unassigned",9,9.00360144057623e-05,"TCGA-EW-A424"
"B",12,0.000120057627661277,"TCGA-EW-A6S9"
"DC_Mast",248,0.0024811909716664,"TCGA-EW-A6S9"
"Macrophage",2860,0.0286137345926044,"TCGA-EW-A6S9"
"Malignant",60902,0.609312469985593,"TCGA-EW-A6S9"
"Myoepi",8748,0.0875220105650712,"TCGA-EW-A6S9"
"Plasma",289,0.00289138786617576,"TCGA-EW-A6S9"
"Stromal",25508,0.255202497198655,"TCGA-EW-A6S9"
"T",1366,0.0136665599487754,"TCGA-EW-A6S9"
"unassigned",19,0.000190091243797023,"TCGA-EW-A6S9"
"B",6,6.00240096038415e-05,"TCGA-JL-A3YX"
"DC_Mast",39,0.00039015606242497,"TCGA-JL-A3YX"
"Macrophage",618,0.00618247298919568,"TCGA-JL-A3YX"
"Malignant",48694,0.487134853941577,"TCGA-JL-A3YX"
"Myoepi",16135,0.161414565826331,"TCGA-JL-A3YX"
"Stromal",34371,0.343847539015606,"TCGA-JL-A3YX"
"T",50,0.000500200080032013,"TCGA-JL-A3YX"
"unassigned",47,0.000470188075230092,"TCGA-JL-A3YX"
"B",758,0.00758333666813398,"TCGA-LD-A9QF"
"DC_Mast",1133,0.0113349873944536,"TCGA-LD-A9QF"
"Macrophage",12402,0.124074592820841,"TCGA-LD-A9QF"
"Malignant",30853,0.308665812957701,"TCGA-LD-A9QF"
"Myoepi",6705,0.0670795149865941,"TCGA-LD-A9QF"
"Plasma",293,0.0029312897674977,"TCGA-LD-A9QF"
"Stromal",25487,0.254982192164552,"TCGA-LD-A9QF"
"T",22233,0.222427868262035,"TCGA-LD-A9QF"
"unassigned",92,0.000920404978190404,"TCGA-LD-A9QF"
"B",56,0.000560252113451053,"TCGA-LL-A9Q3"
"DC_Mast",186,0.00186083737681957,"TCGA-LL-A9Q3"
"Macrophage",3059,0.0306037716972638,"TCGA-LL-A9Q3"
"Malignant",51731,0.517542894302436,"TCGA-LL-A9Q3"
"Myoepi",12866,0.128717923065379,"TCGA-LL-A9Q3"
"Plasma",120,0.0012005402431094,"TCGA-LL-A9Q3"
"Stromal",28825,0.288379770896904,"TCGA-LL-A9Q3"
"T",3097,0.0309839427742484,"TCGA-LL-A9Q3"
"unassigned",15,0.000150067530388675,"TCGA-LL-A9Q3"
"B",1989,0.0198971629786723,"TCGA-PE-A5DC"
"DC_Mast",4998,0.0499979992797407,"TCGA-PE-A5DC"
"Macrophage",15929,0.159347365051418,"TCGA-PE-A5DC"
"Malignant",18433,0.184396382697771,"TCGA-PE-A5DC"
"Myoepi",6568,0.0657036533151935,"TCGA-PE-A5DC"
"Plasma",568,0.0056820455363931,"TCGA-PE-A5DC"
"Stromal",33319,0.333309991596975,"TCGA-PE-A5DC"
"T",17817,0.178234164299148,"TCGA-PE-A5DC"
"unassigned",343,0.00343123524468809,"TCGA-PE-A5DC"
"B",444,0.00444159897563123,"TCGA-PE-A5DD"
"DC_Mast",3057,0.0305810091632988,"TCGA-PE-A5DD"
"Macrophage",18007,0.180134848545476,"TCGA-PE-A5DD"
"Malignant",2289,0.0228982433676123,"TCGA-PE-A5DD"
"Myoepi",1345,0.0134548437437477,"TCGA-PE-A5DD"
"Plasma",640,0.00640230482973871,"TCGA-PE-A5DD"
"Stromal",59785,0.598065303509263,"TCGA-PE-A5DD"
"T",14192,0.141971109599456,"TCGA-PE-A5DD"
"unassigned",205,0.00205073826577568,"TCGA-PE-A5DD"
"B",21,0.000210073525734007,"TCGA-S3-AA14"
"DC_Mast",108,0.00108037813234632,"TCGA-S3-AA14"
"Macrophage",4623,0.0462461861651578,"TCGA-S3-AA14"
"Malignant",69631,0.69655379382784,"TCGA-S3-AA14"
"Myoepi",9583,0.0958635522432851,"TCGA-S3-AA14"
"Plasma",17,0.000170059520832291,"TCGA-S3-AA14"
"Stromal",13918,0.139228730055519,"TCGA-S3-AA14"
"T",1534,0.0153453708798079,"TCGA-S3-AA14"
"unassigned",530,0.00530185564947732,"TCGA-S3-AA14"
"B",227,0.00227111284529419,"TCGA-UL-AAZ6"
"DC_Mast",239,0.00239117167412032,"TCGA-UL-AAZ6"
"Macrophage",4981,0.049834418865244,"TCGA-UL-AAZ6"
"Malignant",63102,0.631329351382177,"TCGA-UL-AAZ6"
"Myoepi",11842,0.118478054246581,"TCGA-UL-AAZ6"
"Plasma",17,0.00017008334083701,"TCGA-UL-AAZ6"
"Stromal",16548,0.165561124951226,"TCGA-UL-AAZ6"
"T",2991,0.0299246630849116,"TCGA-UL-AAZ6"
"unassigned",4,4.00196096087083e-05,"TCGA-UL-AAZ6"
"B",200,0.00200102052046544,"TCGA-UU-A93S"
"DC_Mast",457,0.00457233188926352,"TCGA-UU-A93S"
"Macrophage",5367,0.05369738566669,"TCGA-UU-A93S"
"Malignant",39199,0.392190016908623,"TCGA-UU-A93S"
"Myoepi",17268,0.172768111736986,"TCGA-UU-A93S"
"Plasma",127,0.00127064803049555,"TCGA-UU-A93S"
"Stromal",34220,0.342374611051636,"TCGA-UU-A93S"
"T",3041,0.030425517013677,"TCGA-UU-A93S"
"unassigned",70,0.000700357182162903,"TCGA-UU-A93S"
